sentence_id,chunk_id,text,paper_id
0,0,"nature plants Developmental innovation of inferior ovaries and flower sex orchestrated by KNOX1 in cucurbits 3,11, Xun Liu1,11, Bowen Wang 1,2,11, 7, Haorong Lu7, Jocelyn K.",P001
1,0,"Lucas9, Xun Xu 4, 4 1 2,10, Huan Liu & Xueyong Yang In flowering plants, inferior ovaries are key morphological innovations that evolved multiple times from superior ovaries to protect female parts of the flower.",P001
2,0,"However, the developmental mechanisms underlying inferior ovary formation remain largely unknown.",P001
3,0,"Comparative spatial transcriptome mapping and cell lineage reconstructions in developing floral buds of cucumber and tomato, which have inferior and superior ovaries, respectively, revealed that inferior ovaries develop from accelerated receptacle growth resulting from the continuous activity of meristematic stems cells at the base of the cucumber floral organs.",P001
4,0,Genetic knockout of a receptacle-specific KNOX1 transcription factor in cucumber caused arrest in receptacle growth and yielded bisexual flowers with superior ovaries similar to those of tomato.,P001
5,0,Here we provide developmental and mechanistic insights into inferior ovary formation and sex determination in cucurbits.,P001
6,0,"A typical flower consists of four distinct types of floral organ: sepals, petals, stamens and carpels.",P001
7,0,"These organs are arranged on the receptacle in sequential whorls, from the outer region to the centre1.",P001
8,0,The spatial arrangement of the outer floral organs relative to the ovary determines whether the ovary is classified as superior or inferior2.,P001
9,0,"Inferior ovaries are located below the attachment points of the sepals, petals and stamens, whereas superior ovaries are positioned above these other floral organs.",P001
10,0,Inferior ovaries have independently evolved from superior ovaries multiple times throughout angiosperm evolution,P001
11,1,and are present in several major angiosperm clades3.,P001
12,1,The adaptive advantage of an inferior ovary includes providing increased protection to developing gynoecia and allocating more energy to developing ovules4.,P001
13,1,"Based on anatomical and comparative studies, several early theories regarding the development and evolution of the inferior ovary have been proposed, while no single theory completely explains all morphological aspects of the inferior ovary.",P001
14,1,"Some studies suggest that the evolution of floral organs was not linear but rather a gradual process from simplicity to complexity, with various parts of the floral Agricultural Genomics Institute at Shenzhen, Chinese Academy of Agricultural Sciences, Shenzhen, China.",P001
15,1,"4State Key Laboratory of Agricultural Genomics, BGI Research, Shenzhen, China.",P001
16,1,"5College of Life Sciences, University of Chinese Academy of Sciences, Beijing, China.",P001
17,1,"6State Key Laboratory of Plant Genomics, Institute of Genetics and Developmental Biology, The Innovative Academy of Seed Design, Chinese Academy of Sciences, Beijing, China.",P001
18,1,"7China National GeneBank, Shenzhen, China.",P001
19,1,"8Plant Biology Section, School of Integrative Plant Science, Cornell University, Ithaca, NY, USA.",P001
20,1,"9Department of Plant Biology, College of Biological Sciences, University of California, Davis, CA, USA.",P001
21,1,"10National Key Laboratory of Tropical Crop Breeding, Chinese Academy of Tropical Agricultural Sciences, Haikou, China.",P001
22,1,"11These authors contributed equally: Zhaonian Dong, Xiaolin Liu, Xing Guo, Xun Liu, Bowen Wang, Wenwen Shao.",P001
23,2,861 a Berberidopsidales Trochodendrales Ranunculales Gunnerales Chloranthales Cornales Dilleniales Proteales Buxales Ericales Zingiberales Commelinales Poales Bruniales-cladeB Metteniusales Bruniales-cladeA Paracryphiales Arecales Escalloniales Dipsacales Apiales Asterales Aquifoliales-cladeB Aquifoliales-cladeA Garryales Icacinales Sex Solanales Bisexual Boraginales Unisexual Gentianales Ovary Superior Inferior Lamiales Caryophyllales Santalales Celastrales Vitales Picramniales Saxifragales Rosales (Begoniaceae) Crossosomatales (Tetramelaceae) (Cucurbitaceae) Geraniales Cucurbitales Zygophyllales Fabales Myrtales Fagales in cucumber.,P001
24,2,"a, The phylogenetic relationship of 502 species from 61 orders of angiosperms.",P001
25,2,"b, The paraffin-embedded sections show the morphology of cucumber female floral development during developmental stages S1–S8.",P001
26,2,The arrows indicate the initiation of the floral primordia (prim).,P001
27,2,"c, Schematic diagrams of female floral organ development in cucumber.",P001
28,2,"The colours denote organs fusing at different levels to form the inferior ovary5,6.",P001
29,2,"Recently, it is suggested that the differential growth of the receptacle surrounding the gynoecium probably contributes to the varying patterns of ovary position2; nonetheless, the genetic basis of this important morphological innovation remains unresolved.",P001
30,3,"The Cucurbitaceae family, as exemplified by cucumber (Cucumis sativus L.), melon (Cucumis melo), watermelon (Citrullus lanatus) and pumpkin (Cucurbita spp.), has numerous species with predominantly unisexual flowers.",P001
31,3,"Notably, their fleshy fruits develop from inferior ovaries that originate from female floral buds (melon fruit may develop from bisexual flowers).",P001
32,3,"Accordingly, the genetic and developmental mechanisms underlying inferior ovary formation have economic, as well as developmental importance.",P001
33,3,"Elucidating inferior ovary formation in cucurbits has the potential to illuminate the evolution of this trait, enhance understanding of sex determination and fruit development, and provide valuable insights for future breeding programmes.",P001
34,3,"Experimental characterization of organ development and the associated spatial–temporal interplay of gene expression within complex tissues, such as flower buds, has been technically challenging.",P001
35,3,"However, recent advances in spatially enhanced resolution omics sequencing (Stereo-seq) technology have facilitated the exploration of gene expression landscapes during organ development7,8.",P001
36,3,"In this study, we generate a collection of spatially resolved transcriptomes of developing cucumber female floral buds at single-cell resolution",P001
37,4,b Petal prim Stamen prim Carpel prim Sepal prim Enlarged floral meristem Asparagales Dioscoreales-cladeA S1 S2 S3 S4 S5 S6 S7 S8 Dioscoreales-cladeB c Pandanales Liliales Sepal Petal Alismatales Stamen Acorales Carpel Magnoliales Enlarged receptacle Diﬀerentiating floral primordia Laurales Enlarged floral meristem Piperales Ceratophyllales Austrobaileyales Nymphaeales Amborellales Selaginellales S1 S2 S3 S4 S5 S7 S8 S6 d Brassicales Sepal prim Petal prim Stamen prim Carpel prim Malvales Floral meristem Sapindales Oxalidales Huerteales S1 S2 S3 S5 S6 S7 S8 S4 e Malpighiales Sepal Petal Stamen Carpel Diﬀerentiating floral primordia Receptacle S1 S2 S3 S4 S5 S6 S7 S8 the corresponding floral organs.,P001
38,4,"d, The paraffin-embedded sections showing the morphology of tomato floral development during S1–S8.",P001
39,4,The arrows indicate the initiation of the floral primordia.,P001
40,4,"e, Schematic diagrams of floral organ development in tomato.",P001
41,4,The colours denote the corresponding floral organs.,P001
42,4,These data enabled us to identify distinct cell types involved in female flower and inferior ovary development.,P001
43,4,"Our cell lineage analysis revealed that the prolonged activity of the floral intercalary meristem (FIM) at the base of the floral organs in cucumber, leads to rapid growth of the receptacle, which results in inferior ovary formation.",P001
44,4,"In addition, we dissected the gene regulatory networks (GRNs) responsible for the rapid growth of the receptacle and identified key genes involved in these processes, including a duplicated class I KNOTTED-like homeobox (KNOX) transcription factor (TF), the knockout of which results in bisexual flowers with superior ovaries similar to those of tomato (Solanum lycopersicum L.).",P001
45,4,These results reveal the evolutionary importance of the enlarged receptacle in unisexual flower determination and inferior ovary formation in cucurbits.,P001
46,4,"Comparative analyses of floral cell types and gene expression from cucumber, superior ovary mutant and tomato support the notion that novel genes",P001
47,5,"We annotated the phylogenetic tree of angiosperms9, encompassing 502 species across 61 orders, with sex information and ovary positions (Fig.",P001
48,5,"1a). In extant angiosperms, bisexual flowers and superior ovaries 862 represent ancestral states.",P001
49,5,Unisexual flowers and inferior ovaries originated independently multiple times during angiosperm evolution.,P001
50,5,"However, they appeared simultaneously in the Cucurbitaceae and its closely related species Tetramelaceae and Begoniaceae (Fig.",P001
51,5,"1a), suggesting that the inferior ovary and unisexual flower may have originated from a single evolutionary event in the Cucurbitaceae.",P001
52,5,"Cucumber and tomato have a similar floral structure (Extended Data Fig. 1a), but their differences in flower sex and ovary position make them excellent subjects for comparison (Extended Data Fig. 1b).",P001
53,5,"Based on previous studies, we defined the different stages of floral bud development in cucumber and tomato10,11 (Supplementary Table 1) and examined the morphology of female floral buds of cucumber from floral meristem initiation to carpel fusion completion.",P001
54,5,"After initiation, the cucumber floral meristem enlarges from the perimeter and becomes concave (Fig.",P001
55,5,"1b), then sepal, petal, stamen and carpel primordia are initiated sequentially on the inner regions of this ‘enlarged floral meristem’ (EFM) (Fig.",P001
56,5,"1b,c). With the rapid growth of the receptacle, the sepal, petal and stamen primordia are elevated to the floral apex, while the carpel remains inside the receptacle, thereby forming inferior ovaries (Fig.",P001
57,5,"1b,c). The formation of male floral buds in cucumber, induced by AgNO3, also featured an enlarged and concave floral meristem; however, the subsequent growth of the receptacle and carpel was arrested (Extended Data Fig. 1c).",P001
58,5,"By contrast, the floral meristem of tomato is convex, and the floral primordia sequentially initiate on its flank, with the carpels growing upwards to form superior ovaries (Fig.",P001
59,6,"Based on these observations, we inferred three necessary conditions for the formation of the inferior ovary in cucumber: (1) enlargement of the floral meristem to change the relative position of the floral whorls, (2) subsequent rapid growth of the receptacle and (3) fusion of the receptacle and the carpel.",P001
60,7,"To dissect the underlying gene expression network driving the development of the inferior ovary of cucumber, we sampled floral buds at various stages, including S1–S8, and ovaries at 0 days post anthesis (DPA) for spatial transcriptomic analysis.",P001
61,7,"Longitudinal sections were analysed, as well as a transverse section of S8-4 and two 0 DPA samples (Extended Data Fig. 2a), using a standard analytical procedure8.",P001
62,7,"Datasets for individual sections were aggregated into bin 50, which had a diameter equal to that of an entire cell at 0 DPA (Extended Data Fig. 2b–d and Supplementary Table 2).",P001
63,7,"The gene numbers and unique molecular identifier (UMI) counts in each bin 50 showed a high level of consistency (Extended Data Fig. 2e–g), without transcript signal spreading, as indicated by the UMI distribution (Supplementary Figs.",P001
64,7,"1–9), and all the floral bud samples at different stages could be continuously ordered along a pseudotime trajectory (Extended Data Fig. 2h).",P001
65,7,"To acquire a global picture of clusters, we performed a spatially constrained clustering analysis7 (Extended Data Fig. 3b), revealing six superclusters of cells that could be putatively separated into tissues of the floral organs: putative FIM, epidermis, receptacle and conjunctive tissue, floral primordia and carpel, sepal and petal (Extended Data Fig. 2i).",P001
66,7,"To further dissect cell-type composition, we conducted an unsupervised clustering analysis using Seurat12 (Fig.",P001
67,7,"2a, Extended Data Fig. 3a and Supplementary Fig. 10).",P001
68,7,"This revealed 41 clusters with distinct locations, as shown by their uniform manifold approximation and projection (UMAP) and spatial information (Fig.",P001
69,7,"2a, Extended Data of these clusters were confirmed by the expression of specific cell marker genes (Fig.",P001
70,7,2b and Supplementary Table 3) and their spatial– temporal distribution (Fig.,P001
71,7,"2c, Extended Data Fig. 2m–o and Supplementary Figs.",P001
72,8,"Specifically, cluster 2 was identified as floral primordia by its location in the organizing centre and the expression of known floral primordia marker genes, such as CsAPETALA1 (CsAP1), CsAintegumentalike6 (CsAIL6) and CsLEAFY (CsLFY)13,14 (Supplementary Fig. 16a–c).",P001
73,8,"The carpel, which was highly enriched in transcripts for relevant marker genes, such as CsAGAMOUS (CsAG)14,15, corresponded to clusters 3 (placenta) and 4 (ovule) (Fig.",P001
74,8,"2b,c and Supplementary Fig. 16d).",P001
75,8,"WUSCHEL homeobox-containing protein 9 (CsWOX9) showed predominant expression in the placenta and ovules16, which is consistent with previous findings (Extended Data Fig. 2o).",P001
76,8,"Cluster 33 was identified as the stigma/transmitting tract and was characterized by spatial information and the expression of marker genes such as the basic Helix–Loop–Helix (bHLH) TF CsSPATULA (CsSPT), previously reported to be specifically expressed in stigmas17 (Extended Data Fig. 2n).",P001
77,8,"Clusters 21, 24, 31 and 40 were sepal related, with higher expression of genes associated with photoharvesting (Supplementary Fig. 19a,b).",P001
78,8,"Clusters 13, 14 and 15 were characterized as petal and stamen related, with petal and stamen specifically expressed genes CsAPETALA3 (CsAP3) and CsPISTILLATA (CsPI)18 (Supplementary Fig. 16e,f).",P001
79,8,"HB40, a homeodomain class I TF HD-ZIP I that controls stamen development in female flowers in Cucumis species19, was predominantly expressed in stamens from S6 stages, further supporting the reliability of spatial transcriptomics data (Extended Data Fig. 2m).",P001
80,9,"From the spatial transcriptomic data, we identified the putative FIMs, which are located at the base of the floral organs, as consisting of clusters 36 (S1–S4) and 37 (S5–S8-2).",P001
81,9,The FIMs were determined with high expression of homologues of CYP78A7 (ref.,P001
82,9,"20), AP1 and SHOOT MERISTEMLESS-like (STM-like) (Supplementary Fig. 16a,h,i), which are needed for the establishment and maintenance of the meristem cells21.",P001
83,9,The prolonged activity of the undifferentiated FIM at the base of the floral organs suggested its potential role in inferior ovary development.,P001
84,9,"Five clusters (0, 8, 9, 10 and 23) exhibiting a U-shaped distribution surrounding the carpel were consistent with the putative placement of the receptacle.",P001
85,9,"Cluster 0 was characterized as G1/S phase cells, as the translation elongation factor ELONGATION FACTOR 1B (EF1B), HISTONE H4 (HIS4) and ribosomal protein L24 (RPL24) genes were overrepresented20 (Supplementary Figs.",P001
86,9,"16j and 17a–d), while cluster 23 was identified as G2/M phase cells with high expression of the mitotic cell-cycle-regulated genes SCARECROW-LIKE 28 (SCL28), ribosomal protein L24 (RPL24), cyclin CYCB1;2, CYCB1;4 and EARLY NODULIN-LIKE PROTEIN 14 (ENODL14)20 (Supplementary Fig. 17d–h).",P001
87,9,"Clusters 8 (from S1 to S4), 9 (from S5 to S8-2) and 10 (from S8-3 to S8-4) were determined to correspond to receptacle primordia, receptacle-early and receptacle-late, respectively.",P001
88,9,"Cluster 8 is located outside of the floral primordia, with high expression of KNOX1 TFs, such as STM-like and KNOTTED-LIKE FROM ARABIDOPSIS THALIANA 2 (KNAT2-like1), which may function to maintain the meristematic activities of stem cells21 (Supplementary Figs.",P001
89,9,"16i and 17i). Clusters 9 and 10 were characterized as receptacle-early and receptacle-late, based on the specific expression of CsCRABS CLAW (CsCRC), a member of the YABBY TF that is required for female development in cucumber22 (Fig.",P001
90,9,2c and Supplementary Fig. 18a).,P001
91,10,"We also observed three clusters (26, 27 and 28) situated between the carpel and receptacle at various stages of floral bud development, which we named conjunctive primordia, conjunctive tissue-early and conjunctive tissue-late, respectively (Fig.",P001
92,10,"2a–c). Besides the expression of marker genes in both carpel (CsAG1) and receptacle (CsCRC), the marker gene CsHANABA TARANU (CsHAN1) was exclusively expressed in cluster 27 (ref.",P001
93,10,"In contrast to previous recognition of expression in carpel, we observed that Cs1-aminocyclopropane-1-carboxylate synthase 2 (CsACS2)24, a gene for bisexual flower development, was specifically expressed in these clusters, suggesting that the conjunctive tissue plays a role in ovary development and sex determination (Fig.",P001
94,10,"2d,e and Supplementary The exclusive expression pattern of PROTODERMAL FACTOR 1 (PDF1), an epidermal marker gene, identified clusters 5, 7, 18, 29 and 30 as epidermis-related cells (Supplementary Fig. 18d).",P001
95,10,They could be 863 a G1/S phase cells Sepal epidermis Unknown Endocarp (0 DPA) 0 6 12 18 Mesocarp (0 DPA) Epicarp (0 DPA) Petal primordia Trichome-base 1 7 13 19 FP Petal-early Receptacle primordia Unknown 2 8 14 20 Placenta Sepal mesophyll Petal-late Receptacle-early,P001
96,11,3 9 15 21 Ovule (ovary wall) Provascular Unknown Receptacle-late 4 10 16 22 Epidermis G2/M phase cells G0/G1 phase cells Sieve element 5 11 17 23 2 mm 2 3 3 2 2 5 5 10 8 4 S1 S2 S3 S4 S5 S6 S7 S8-1 S8-2 S8-3 b Average expression Max Min Per cent expressed 0 25 50 75 40 39 38 37 36 35 34 33 32 31 30 29 28 27 26 25 24 23 22 21 20 19 18 17 16 15 14 13 12 11 10 9 8 7 6 5 4 3 2 1 0 unknown Aspartyl protease LTP WOX9 AG1 LAX2 PHOSPHO1 HTH KNAT2-like1 LOX2 CRC unknown SEO FIL/YAB1 PI MIPS3 GRAS1 LTP4 LRR protein OMR1 CDC20.1 glycine_rich2 Plant Tudor_like RCA BAS1 bHLH96 TOC34 Calcium_binding PNI KAO2 pathogenesis SPX1 STM-like AP1 CAL DWF1 CYP78A7 ANT d Ovule (ovary wall) Placenta 4 3 Receptacle-late Receptacle-early 10 9 Conjunctive tissue-early 27 Conjunctive tissue-late 28 S6 S7 S8-1 S8-2 S8-3 S8-4 using Stereo-seq.,P001
97,11,"a, An unsupervised clustering analysis of gene expression in cucumber female floral sections at various stages and a UMAP visualization of clusters of cucumber female floral buds.",P001
98,11,The numbers below each section represent the repeat count for that stage.,P001
99,11,Left: the bins are coloured by their annotation.,P001
100,11,Right: the bins are coloured on the basis of cluster annotations.,P001
101,11,"b, A bubble plot showing expression levels of specific marker genes in each of the clusters.",P001
102,11,"The dot size indicates the percentage of bins expressing the genes in each cluster, and the colour intensity represents relative average expression",P001
103,12,Sepal mesophyll Trichome Floral intercalary meristem 24 30 36 Protoxylem Basal sepal–abaxial Floral intercalary meristem-2 25 31 37 Conjunctive primordia Phloem (0 DPA) Floral intercalary meristem-3 26 32 38 Conjunctive tissue-early Stigma/transmitting tract Unknown 27 33 39 Conjunctive tissue-late Placenta (0 DPA) Basal sepal–adaxial 28 34 40 Thickened epidermis Unknown 29 35 1 mm Vascular FIM 0 DPA ovary Receptacle Petal Sepal Carpel UMAP2 Epidermis UMAP1 4 1 S8-4 S8-4-transect Expression c Max Min 24 Sepal Intercalary Epidermis 5 HTH RCA STM-like 37 mesophyll meristem-2 25 Protoxylem Glycine-rich Petal-early PI Placenta AG1 3 14 27 Conjunctive Receptacle-early 9 Receptacle-early 9 tissue-early CRC ACS2 KNAT2-like1 ATS2 CAP e 0 −1 1 Average expression Per cent expressed 10 20 30 0 CRC ACS2 AG1 Clusters 3 4 27 28 9 10 Carpel Conjunctive Receptacle tissues tissues level.,P001
104,12,"c, A spatial distribution of clusters on the sections of S8-2.",P001
105,12,The corresponding expression patterns of marker genes are shown.,P001
106,12,"d, A spatial depiction of the clusters related to carpel (cluster 3 and 4), conjunctive tissues (cluster 27 and 28) and receptacle tissues (cluster 9 and 10).",P001
107,12,"e, A bubble plot showing AG1, ACS2 and CRC expression profiles in clusters 3 and 4 in carpel, in clusters 27 and 28 in conjunctive tissues and in clusters 9 and 10 in receptacle tissues, respectively.",P001
108,12,"The dot size indicates the percentage of bins expressing the genes at each cluster, and the colour intensity represents the relative average expression level.",P001
109,13,"864 further annotated as trichome-base (cluster 7), trichome (cluster 30), sepal epidermis (cluster 18), epidermis (cluster 5) and thickened epidermis (cluster 29), with the support of their spatial positions.",P001
110,13,"Clusters 22 and 25 were characterized as provascular and protoxylem in the receptacle, based on the expression of the marker genes CsGLYCINE-RICH PROTEIN (CsGRP) and CsHOMEOBOX GENE 8 (CsHB8)25 (Supplementary 19, 32 and 34) were annotated as mesocarp (0 DPA), endocarp (0 DPA), sieve element, epicarp (0 DPA), phloem (0 DPA) and placenta (0 DPA), respectively, due to the predominant expression of marker genes in 0 DPA ovaries26 (Supplementary Fig. 18g–j).",P001
111,13,"Clusters 12, 16, 20, 35 and 39 had no known marker genes and were unannotated.",P001
112,13,"To confirm the accuracy of our annotation, we assessed the spatial distribution of several selected marker genes by RNA in situ hybridization, all of which confirmed the spatiotemporal expression patterns indicated by the Stereo-seq signals (Extended Data Fig. 2p).",P001
113,13,"The data related to these spatially and temporally resolved transcriptomes and cell types of cucumber floral organ development can be browsed via the STOmicsDB27, an interactive data portal, at https://db.cngb.org/ stomics/ctsta.",P001
114,14,"An understanding of the progression of cell lineages during a developmental process is necessary to elucidate the mechanisms of differentiation activity and their connection to pluripotency28,29.",P001
115,14,"To identify the major cell lineages involved in cucumber floral bud organogenesis and the mechanisms of receptacle development, we used the spatial transcriptomic data (Extended Data Fig. 3c) to generate a trajectory of floral organogenesis (TOFO), drawing on methods from the trajectory of mammal embryogenesis (TOME) analysis30.",P001
116,14,The reconstructed cell lineage reveals inferred relationships between clusters across sections from S1 to S8-4 (Fig.,P001
117,14,3a and Extended Data Fig. 4a).,P001
118,14,"Based on the annotation and relationship of clusters, the trajectories were divided into groups corresponding to different tissues (Fig.",P001
119,14,"3a). We also examined their spatial distribution across sections, which revealed the spatiotemporal cell lineages for each supercluster (Fig.",P001
120,14,"3b). We found that although the production of sepal primordia was not captured, probably due to relatively small number of cells at the early stage, the cell lineage analysis indicated that the floral primordia sequentially differentiated into petal, stamen and carpel primordia (Fig.",P001
121,14,3a) and that their distributions varied coincident with changes in floral buds morphology (Fig.,P001
122,14,3b)13. The FIM showed a strong association with the receptacle (Fig.,P001
123,14,"3a), suggesting that the FIM is responsible for receptacle fate specification and development.",P001
124,14,"The FIM also gives rise to the provascular tissue, which differentiates into protoxylem after the S5 stage (Fig.",P001
125,14,"3a). We determined that after S7, the FIM and receptacle primordia generate cells that are actively undergoing the cell cycle, while G1/S phase cells transition to receptacle cells, suggesting a mechanism to maintain cell proliferation and support rapid receptacle growth (Fig.",P001
126,14,"3a). An analysis using Monocle2 (Extended Data Fig. 3d),",P001
127,15,"along with the pseudotime curve, demonstrated the cell lineage from FIM to receptacle and then to conjunctive tissue (Fig.",P001
128,15,"3c,d). These insights and the organization information of the cell clusters, as shown in the schematic diagrams (Extended Data Fig. 4b,c), highlight the spatiotemporal structure of these functional hubs in the transect section (bottom) and longitudinal section (top) at various developmental stages of cucumber floral buds (Fig.",P001
129,15,3e) and advance our understanding of the development basis of cucurbit female flower buds.,P001
130,15,"We infer that in cucumber, the fruit flesh outside the carpel is mostly derived from the development of receptacle.",P001
131,15,"Accordingly, the receptacle-derived tissue is important for the genetic improvement.",P001
132,16,"To understand the gene expression dynamics and cytological basis of the EFM in inferior ovary, we selected sections of floral buds from S1 to S4 stages and conducted unsupervised clustering analysis with near single-cell resolution (average cell diameter from S1 to S4 of 12.96 μm and bin30 diameter of 15 μm) (Fig.",P001
133,16,"4a and Extended Data Fig. 2c,d).",P001
134,16,This revealed seven clusters with distinct locations and expressed marker genes during early floral organ development (Fig.,P001
135,16,"4a,b and Supplementary Table 4): cluster 0, epidermis (cluster E); cluster 1, pedicel (cluster P); cluster 2, floral primordia (cluster FP); cluster 3, receptacle primordium (cluster RP); and cluster 5, FIM.",P001
136,16,"Both cluster 3 and cluster 4 were distributed along the concave floral meristem, and cluster 4 showed preferential expression of the floral meristem marker gene LEAFY.",P001
137,16,Given the EFM in cucumber (Fig.,P001
138,16,"1b,c), we annotated cluster 4 as an EFM.",P001
139,16,The distribution of cluster 3 (RP) and cluster 4 (EFM) indicates that their initiation and development determine the morphogenesis of the enlarged and concave floral meristem.,P001
140,16,"RNA velocity and Monocle3 were used to study the early differentiation trajectories of these clusters (Extended Data Fig. 3d,e).",P001
141,16,Both methods yielded consistent trajectories originating from the FIM (Fig.,P001
142,16,"4c), highlighting three main developmental paths.",P001
143,16,One involved the differentiation of the epidermis.,P001
144,16,"The other two originated from the FIM and passed through the EFM, with one leading to the formation of the floral primordia, then generating floral whorls, while the other gave rise to the receptacle primordium from the EFM (Fig.",P001
145,16,4c). A pseudotime analysis using Monocle2 confirmed the resulting trajectories (Fig.,P001
146,17,Several key genes in these developmental paths were revealed by Monocle2 (Fig.,P001
147,17,"4e, Extended Data Fig. 5a and Supplementary Table 5), and their spatial expression distributions were investigated (Fig.",P001
148,17,4f and which has been shown to be related to sex expression in cucumber31.,P001
149,17,"While the floral identity genes, AP1 and LEAFY, are both expressed in the FIM and EFM and show expression at the apex of the elongated floral buds (Fig.",P001
150,17,"4f). AP1 is reported to promote floral meristem formation together with LEAFY and, subsequently, sepal formation14.",P001
151,17,The expanded expression pattern of these two genes at the apex region offered support for the notion that the floral meristem enlarges during development in cucumber (Fig.,P001
152,17,"4f). The floral identity genes PI and AP3 were identified in the trajectory leading to floral primordia development, and their expression coincided with the initiation sites of petals and stamens (Fig.",P001
153,17,"4f). Notably, in the trajectory leading to receptacle primordium development, KNAT2-like1 and ACO2 were expressed in the receptacle primordium from S1.",P001
154,17,ACO2 is involved in the synthesis of the hormone ethylene and in regulating the ethylene-mediated development of the gynoecium32.,P001
155,17,"We also determined that ACO2 was coexpressed with MYO-INOSITOL-1-PHOSPHATE SYNTHASE 3 (MIPS3), which suppresses cell death33, suggesting a mechanism to mitigate ethylene-mediated programmed cell death.",P001
156,17,"The expression of the genes BAS1, associated with brassinosteroids34, and the gene ETTIN related with auxin35,36 in the receptacle primordium, indicates roles of these phytohormones and their crosstalk in receptacle differentiation and development (Fig.",P001
157,17,4f and Extended Data Fig. 5b).,P001
158,17,"Next, the expression patterns of selected key marker genes, such as STM, STM-like, KNAT2-like1, ETTIN, AP1 and LEAFY, were verified by RNA in situ hybridization (Fig.",P001
159,17,4g and Extended Data Fig. 5c).,P001
160,18,"Based on the clusters, we classified the cells of floral buds into the inner part (cluster floral primordia) and peripheral part (clusters E, RP and EFM) and measured their cell area and cell numbers (Fig.",P001
161,18,4h). We determined that the initial morphological changes in the EFM reflect rapid cell proliferation in the peripheral region (Fig.,P001
162,18,4i) and that cell expansion in this region from S2 to S5 contributed to subsequent meristem enlargement (Fig.,P001
163,18,4j). This finding was supported by the preferential expression of known cell expansion-related genes37–40 in the peripheral region at S4 (Extended Data Fig. 5d).,P001
164,19,"After S5, we observed the largest increase in the bin numbers of receptacle-related clusters (receptacle-early, cluster 9), indicating that 865 a b Basal sepal–abaxial Sepal epidermis Sepal mesophyll Sepal Unknown S1 Sepal mesophyll Unknown G0/G1 phase cells Epidermis Epidermis Trichome-base floral Trichome meristem Thicked epidermis Floral intercalary meristem FIM Floral intercalary meristem-2 Floral intercalary meristem-3 G2/M phase cells S1 G1/S phase cells Receptacle Receptacle primordia Receptacle-early Receptacle-late Provascular Protoxylem Conjunctive Conjunctive primordia Tissue Conjunctive tissue-early Conjunctive tissue-late Petal primordia Petal-early Petal S1 Petal-late Basal sepal-adaxial 1.00 Edge weight Floral primordia carpel 0.75 Placenta FP 0.50 Ovlue (ovary wall) 0.25 Stigma/transmitting tract S1 S2 S3 S4/S5 S6/S7 S8-1/2 S8-3/4 stage c Receptacle primordia Receptacle-early Receptacle-late Conjunctive primordia Conjunctive tissue-early UMAP2 UMAP2 Conjunctive tissue-late Floral intercalary meristem Floral intercalary meristem-2 Floral intercalary meristem-3 UMAP1 UMAP1 d 1.5 Bin50 density 1.0 0.5 0 0 2 4 6 Pesudotime a, A directed acyclic graph showing inferred relationships between cell states across cucumber female floral bud development.",P001
165,19,"Each row corresponds to one of the cluster annotations, columns to developmental stages spanning from S1 to S8-4, nodes to cell trajectories and node colours to clusters.",P001
166,19,"b, A spatial distribution of clusters in each supercluster during female floral bud development.",P001
167,19,The spot colours correspond to the clusters shown in a.,P001
168,19,"c, Superclusters (receptacle, conjunctive tissue and FIM) and pseudotime",P001
169,20,the rapid growth of the receptacle after this stage is driven by another phase of cell proliferation (Fig.,P001
170,20,"5a). The cells transitioning between stem cells and differentiated cells are in a highly proliferative state and continue to divide several times before their differentiation41, suggesting that the cells of the rapidly growing receptacle are in this state.",P001
171,20,"To investigate the regulation of cell division during rapid receptacle growth, we reconstructed cell trajectories using clusters of the receptacle and FIM (Fig.",P001
172,20,5b and Extended Data Fig. 3f).,P001
173,20,"A UMAP three-dimensional (3D) scatterplot revealed six reclusters, four of which followed a cyclic pattern (S phase, G2 phase, G0/G1 phase and M phase) according to the assigned cell-cycle marker genes20, and the remaining two were annotated as receptacle primordium and FIM (Fig.",P001
174,20,"5c, Extended Data Fig. 6a,b and Supplementary Table 6).",P001
175,20,The distinct characteristics Sepal Epidermis S2 S3 S4 S5 S1 S2 S3 S4 S5 S6 S7 S8-1 S8-2 S8-3 S6 S7 S8-1 S8-2 S8-3 S8-4 S8-4 Receptacle and conjunctive tissue FIM S2 S3 S4 S5 S1 S2 S3 S4 S5 S6 S7 S8-1 S8-2 S8-3 S6 S7 S8-1 S8-2 S8-3 S8-4 S8-4 Petal FP and carpel S2 S3 S4 S5 S1 S2 S3 S4 S5 S6 S7 S8-1 S8-2 S8-3 S6 S7 S8-1 S8-2 S8-3 S8-4 S8-4 e S8-4 Epidermis Petal and stamen Conjunctive tissue,P001
176,21,Max Sepal Receptacle FIM Pseudotime Carpel Floral primordia S7 Vascular S5 Min S3 S2 S1 200 µm trajectories.,P001
177,21,The bins are coloured by cluster or pseudotime.,P001
178,21,"The bins with the minimum (min) pseudotime value are at the initial stage of the biological process, while those with the maximum (max) pseudotime value are at the final stage.",P001
179,21,"d, A line graph illustrating the distribution of bins from each cluster over pseudotime, with the line colours corresponding to the clusters shown in c.",P001
180,21,"e, Schematic illustrations of the spatial distribution of superclusters of cucumber floral buds in transect sections (bottom) and longitudinal sections (top) from S1 to S8-4.",P001
181,21,"of cell-cycle phases were observed at different developmental stages, with S phase cells primarily concentrated in S8-1 and S8-2 (Fig.",P001
182,21,"5d). The target of rapamycin (TOR) kinase gene, which promotes the activation of S phase genes and meristems42, was found to predominantly expressed in S phase cells (Extended Data Fig. 6b).",P001
183,21,These findings support the notion that cell proliferation in the receptacle is regulated by the activation of meristematic activities in S phase cells.,P001
184,21,"To pinpoint the key genes that regulate the cell proliferation and rapid growth of receptacles, we focused on those that were specifically upregulated or downregulated along the TOFO trajectory from each cluster (Fig.",P001
185,21,"5e, Extended Data Fig. 6c and Supplementary Tables 7 and 8)30.",P001
186,21,"CRC, a TF known to determine carpel identity and mediate unisexual flower development22, was upregulated in the receptacles",P001
187,22,866 a b Low 0 E 4 EFM 1 P 5 FIM 2 FP 6 Unknown 3 RP S4 S3 S2 S1 LOX1 DWF1 c f STM-like S4 P clusters 1/5 Max Pseudotime FIM RP Min E PI EFM cluster 2 UMAP2 FP ACO2 cluster 3 UMAP1 d e g AP1 FP FIM RP S3 FIM PI EFM AP3 FP HTA7 RP ANT HMG 2 RIP5 STM LOS1 2 1 RPL16A LAX2 RPS11 S1 ROX3 STM Pseudotime AP1 Min Max LEAFY 3 CAL1 h Inner part STM-like EP ETTIN MP E AFO 2 1 CYP714A 4 CER1 WOX9 KNAT2-like1 S1 AG1 1 BAS1 ACO2 MIPS3 Group Min Max Pseudotime S5 visualization depicting the clustering of developing floral buds at the early stages.,P001
188,22,"b, A bubble plot showing the expression levels of the specific markers in each of the clusters.",P001
189,22,"The dot size indicates the percentage of bins expressing the genes at each cluster, and the colour intensity represents the relative average expression level.",P001
190,22,"c, RNA velocity streamline plots showing the predicted trajectory of cell lineage transition in the early stage of floral primordium (left) and UMAP (middle).",P001
191,22,"Right: a pseudotime trajectory analysis corresponding to clusters, using Monocle3.",P001
192,22,The bins are coloured by cluster or pseudotime.,P001
193,22,"The bins with the minimum pseudotime value are at the initial stage of the biological process, while those with the maximum pseudotime value are at the final stage.",P001
194,22,"d, A DDRTree visualization of the cluster and pseudotime trajectory analysis of the various clusters.",P001
195,22,"e, A heat map of the dynamic changes in expression levels of pseudotime-dependent genes.",P001
196,22,The full list of genes is provided in Supplementary Table 5.,P001
197,23,Average expression Per cent expressed High 5 10 15 20 25 30 Unknown FIM EFM RP FP P E DC1 STM-like KNAT2-like1 ACO2 CYP714A1 MIPS3 CEL1 BAS1 EXPL3 KNAT2−like2 EXPR4 XTH5 KRP3 EXP1 KAN1 AP1 LEAFY ETTIN CAL1 GID1B SEP2 DRM1 PI PDF1 AP3 AFO STM Expression Min Max LEAFY AP1 clusters 4/5 clusters 1/5 AP3 KNAT2-like1 clusters 3/5 cluster 2 BAS1 MIPS3 cluster 3 cluster 3 KNAT2-like1 S4 S6 S3 S5 S1 S4 S3 S1 S6 STM-like LEAFY S6 S5 S5 S5 S4 S3 S2 S1 S2 i j Inner part Inner part Peripheral part Peripheral part Peripheral part RP and EFM Cell number growth rate (%) Vascular ************ n.s.,P001
198,23,n.s. 150 Cell region area µm2 500 400 100 S2 S4 300 200 50 100 0 0 S6 S1 S2 S4 S5 S6 S1 S2 S4 S5 S6 of selected genes obtained through Monocle2 analysis.,P001
199,23,"g, In situ hybridization of AP1, KNAT2-like1, STM, STM-like and LEAFY.",P001
200,23,The arrowheads indicate the locations of gene expression in the tissue.,P001
201,23,"h, Different cell regions were used for statistical analysis of cell area and numbers from S1 to S6.",P001
202,23,"i, The cell number growth rate for corresponding cell regions from S1 to S6.",P001
203,23,"j, A box plot of the cell area from corresponding cell regions from S1 to S6 (S1: P = 0.834, peripheral part, n = 73; inner part, n = 83; S2: P = 0.000038, peripheral part, n = 330; inner part, n = 205; S4: P = 0.0000073, peripheral part, n = 610; inner part, n = 493; S5: P = 0.0000025, peripheral part, n = 658; inner part, n = 546; S6: P = 0.684, peripheral part, n = 933; inner part, n = 742).",P001
204,23,"The data are means ± standard deviation, and statistical significance was determined using two-tailed Student’s t-tests.",P001
205,23,"For the box and whisker plots in j, the centre line is the median, box limits are the upper and lower quartiles and the whiskers are 1.5× interquartile range.",P001
206,23,"Scale bars, 500 μm (a) and 200 μm (g and h).",P001
207,24,"867 a b G1/S phase cells G0/G1 FP S Placenta FIM Ovule (ovary wall) 2.0 Receptacle primordia Fold change 1.5 Receptacle-early Receptacle-late 1.0 G0/G1 G0/G1 phase cells 0.5 Conjunctive primordia Conjunctive tissue-early 0 Conjunctive tissue-late –0.5 Floral intercalary meristem Stage S1 S2 S3 S4–S5 S6−S7 S8_1−S8_2 S8_3−S8_4 Floral intercalary meristem-2 Floral intercalary meristem-3 d e G0/G1 S M G2 FIM RP S3 S5 S4 S1 S2 Receptacle NAC020 MGP AP2 GRF8 KTF1 GTB1 ARF6 HB-8 MP WRKY13 histoneH1 AT hook WHY2 Provascular SPL13A HB33 HMGB2 GTB1 MP Protoxylem HB6 ARF18 ARF2 ARF6 MGP G2/M phase cells G1/S phase cells S6 S7 S8-1 S8-2 S8-3 S8-4 Score f g Min Max MEE68 M11 ARR9 M5 WIP2 M8 DIN10 SNAK1 M3 CA1P M4 CIB1 YUC4 M13 CRC Peptide1 M14 ER M10 AGL42 M7 KNAT2-like1 M9 TPS1 M12 bHLH93 MGP AHK5 M2 ZPR2 M15 PPI1 M17 YAB2 Peptide2 M6 CYCD2;1 M1 LSH10 M16 a, A line graph showing the fold change in bin numbers (bin 50) for various clusters from S1 to S8.",P001
208,24,"Each line, differentiated by colour, represents a distinct cluster.",P001
209,24,The fold changes are calculated as the ratios of the bin number for each cluster at a given time point to the bin number at the baseline stage (S1) in the cluster of FIM.,P001
210,24,The maximum fold change value was set at twofold for better visualization.,P001
211,24,"b, A visualization of six populations with a UMAP 3D scatterplot.",P001
212,24,The bins were coloured based on cluster annotations.,P001
213,24,"c, A heat map showing the mean expression of marker genes in the RP, G0/G1 phase cells, S phase cells, G2 phase cells and M phase cells.",P001
214,24,"d, A spatial visualization of reclusters identified",P001
215,25,after S4/5. CRC also serves as a marker gene for the receptacle (Fig.,P001
216,25,"2b)22, and we confirmed its expression in the receptacle during stages S5–S8-4 (Supplementary Fig. 18a).",P001
217,25,"To identify genes that were coexpressed with CRC, we performed a spatial coexpression module analysis using Giotto43 (Extended Data plementary Figs.",P001
218,25,"20 and 21 and Supplementary Table 9), of which module 14 was distributed in the receptacle.",P001
219,25,"This module included CRC, KNAT2-like1, ERECTA (ER), DARK INDUCIBLE 10 (DIN10), CA1P phosphatase and a putative small peptide gene, and their codistributions were verified (Fig.",P001
220,25,5h and Supplementary Table 9).,P001
221,25,The presence c G2 RP G0/G1 M RP M S G2 S Max STM-like Expression ACO2 ETT MIPS3 UDP-glucosyl transferase G2 RP AS1 ASN1 Min LTP Kinetochore protein M RBCSIA EFB SRC2 RPL24A Intercalary meristem PPR protein GRP23 Vacuolar sorting protein tudor-like RNA binding GAPA-2 TSO2 Stigma/ S8-3/4 transmitting MCM3 Carpel S8-1/2 tract MCM2 SIP1 S6/7 AG S4/5 FIM MAD1 YAB1 S3 Histone H4 IND1 WRKY57 SPL13 NGA1 KNAT2-like1 GRF8 HEC3 S2 CRC SPL13A Floral primordia RAP2.2 HMG SHP1 STL bHLH94L CDC20 CDKB2 Placenta PLATZ ARF2 AT hook AP2 bHLH131-like AP2 conjunctive MYB1 Ovule Receptacle FZR3 CRC primordia primordia PIL5 CYCA1 AT hook CYCB2 conjunctive tissue-early MAD2 ACS2 Conjunctive SPL13A,P001
222,26,SCL28 ARF6 Receptacle-early tissue HB33 ENODL14 Conjunctive MAD2 tissue-late AP2 Receptacle-late h module 14 KNAT2-like1 Max HB22-like2 TPS1 ARF18 Score LSH10 CsaV3-6G037410 Min S7 S8 S7 S8 ER CRC ER CYCD2;1 Peptide3 DIN10 CRC LTP bHLH49 S7 S8 S7 S8 CA1P DIN10 CA1P Min KNAT2-like1 Expression HB33 ARR9 HAT3 HB22-like1 CsaV3-5G003580 Max S7 S8 S7 S8 in b from S1 to S8-4.,P001
223,26,"e, The selected cellular trajectories from TOFO, showing the significant examples of candidate regulatory genes.",P001
224,26,"f, A heat map of the spatial coexpression modules (M1–17) generated by Giotto.",P001
225,26,The genes identified in module 14 are listed on the right.,P001
226,26,"The higher scores represent stronger correlations and more similar spatial distribution patterns, whereas lower scores indicate weaker correlations and less similar spatial distribution patterns.",P001
227,26,Genes in red are hub genes in the GRN.,P001
228,26,The full list is provided in Supplementary visualization of the expression levels and patterns of selected genes in module 14.,P001
229,26,of KNAT2-like1 in this module suggested its critical role not only in early receptacle initiation but also in subsequent cell proliferation.,P001
230,26,"ER is involved in fine-tuning plant cell proliferation44, and the expression of KNAT2-like1 and ER was also predominantly enriched in S phase cells (Extended Data Fig. 6b), while DIN10 (ref.",P001
231,26,45) and CA1P phosphatase46 affect carbohydrate accumulation and enhance sink strength (Fig.,P001
232,26,"5g,h and Extended Data Fig. 6d,e).",P001
233,26,"Based on these findings, we proposed that, in cucumber, the rapid growth of the receptacle is centred around sink capacity signalling and integration of KNAT2-like1, CRC and ER to regulate cell proliferation, ultimately promoting receptacle development.",P001
234,27,"To elucidate the function of KNAT2-like1, CRISPR–Cas9 was used to generate two homozygous transgene-free loss-of-function mutant lines, k-1 (2 bp deletion) and k-2 (1 bp insertion) (Fig.",P001
235,27,"6a). Compared with the wild type (WT), the mutants exhibited a similar proportion of male flowers around 60%.",P001
236,27,"However, the WT showed a proportion of female flowers around 30%, while in mutants, there was a significant decrease in the proportion of normal female flowers with inferior ovaries from 30% to 12% (Fig.",P001
237,27,6b). Only at the lower nodes were some female flowers present.,P001
238,27,"Instead, a corresponding proportion of ‘superior ovary flowers’ appeared, exhibiting the phenotype of bisexual flowers with superior ovaries (Fig.",P001
239,27,"6b), which means that 60% of normal female flowers transformed into ‘superior ovary flowers’ in the mutants.",P001
240,27,This phenotype was complemented in the k-2 mutants by expression of KNAT2-like1 under its native promoter (Fig.,P001
241,27,"6b), indicating the transformation of female flowers into ‘superior ovary flowers’ in the absence of KNAT2-like1 expression.",P001
242,27,"To characterize the ‘superior ovary flowers’ morphogenesis, we compared the morphology of medial longitudinal sections of male, female and superior ovary flower buds at various developmental stages.",P001
243,27,"The development of male flowers in the k-2 mutants was identical to WT (Extended Data Fig. 7a,c,g), with carpel primordia development arresting after S5 and stamen primordia gradually enlarging until mature pollen formed before anthesis (Extended Data Fig. 7a,c).",P001
244,27,"In female flowers, the receptacle and carpel continued to grow after S5, and the receptacle grew rapidly and wrapped around the carpel to form the inferior ovary (Extended Data Fig. 7b,d).",P001
245,27,We noted that the ovaries of female flowers of the k-2 mutants were shorter than those of WT (Extended Data Fig. 7f).,P001
246,28,"We did not observe morphological differences among male, female and abnormal superior ovary flower development before S5, when the carpel primordia initiated (Fig.",P001
247,28,"6c,d and Extended Data morphogenesis was observed (Fig.",P001
248,28,"6c,d and Extended Data Fig. 7e), as the floral receptacle of the ‘superior ovary flower’ did not fuse with the carpel and elongate, while the carpel continued to grow, resulting in upward growth of the carpels.",P001
249,28,Developing ovules were observed after stage 10 (Fig.,P001
250,28,6d and Extended Data Fig. 7e).,P001
251,28,"Meanwhile, the stamen primordia still grew and increased in size in the ‘superior ovary flower’ (Fig.",P001
252,28,6d and Extended Data Fig. 7e).,P001
253,28,"The morphogenesis of ‘superior ovary flowers’ was also observed by 3D reconstruction using X-ray microcomputed tomo­graphy (micro-CT), which confirmed that, compared with female floral buds, the arrest of receptacle expansion and continuous upward growth of the carpel resulted in the formation of superior ovaries (Fig.",P001
254,28,"6e). Post anthesis, the k-1 and k-2 mutant flowers continued to grow such that ultimately the ovaries were located above the other floral organs, resulting in bisexual flowers with superior ovaries, similar to those of tomato.",P001
255,28,"However, the three carpels did not fuse to form a normal stigma, thus preventing pollination and seeds production (Fig.",P001
256,28,"6f,g). We also investigated the expression activities of KNAT2-like1 in male, female and superior ovary flower buds at various stages by in situ hybridization.",P001
257,28,We found the specific expression of KNAT2-like1 in the expanding receptacle of female flower buds (Fig.,P001
258,28,6h). We also showed the absence of expression of KNAT2-like1 male flower of WT and in superior ovary flower of k-2 mutant (Fig.,P001
259,28,6h). These results indicate that the expression activity of KNAT2-like1 is associated with receptacle development.,P001
260,29,"In WT cucumber, the inferior ovary has a typical placenta, where the medial region is the abaxial side, and the lateral region is adaxial (Fig.",P001
261,29,6g and Extended Data Fig. 7h)17.,P001
262,29,This positioning is reversed in the superior ovary mutants (Fig.,P001
263,29,"6g). The spatial expression patterns of known abaxial-specific genes, KAN-1, KAN-2 and AFO/FIL47,48, and an adaxial-specific gene, PHAVOLUTA (PHV)49, in normal inferior ovaries and aberrant superior ovaries were consistent with this change in placenta morphology (Extended Data Fig. 7i–k).",P001
264,29,"We inferred that in superior ovary flower mutants, loss of KNAT2-like1 expression causes an arrest in receptacle development, and continuous growth of the carpel results in the forming of a superior ovary.",P001
265,29,"By contrast, in normal cucumber female floral buds acquiring KNAT2-like1 activity, the receptacle is fused with the adaxial side of the carpel, and the rapidly growing receptacle then wraps around the carpel, resulting in a change in lateral and medial patterning and forming an inferior ovary (Fig.",P001
266,29,"6i). Taken together, these findings highlight the pivotal role of KNAT2-like1 in receptacle development and ovary positioning.",P001
267,29,"Given that KNAT2-like1, CRC and ER are in a coexpression module in the receptacle (Fig.",P001
268,29,"5f), we next investigated ER function by generating two ER-knockout mutants, erCR-1 (4 bp deletion) and erCR-2 (1 bp deletion) with a premature stop codon, using CRISPR–Cas9 (Extended Data shorter fruits compared with the WT, consistent with the previous study (Extended Data Fig. 8c,d)50.",P001
269,29,"Notably, in both er mutants, most female flowers transitioned to male flowers in the monoecious background (Extended Data Fig. 8b).",P001
270,29,CRISPR–Cas9 knockout of CRC (crc-1: −2 bp and crc-2: −7 bp) resulted in a complete female-to-male sexual transition (Extended Data Fig. 8e–g) as previously reported22.,P001
271,30,"To further elucidate the genetic interaction among KNAT2-like1, ER and CRC, we also generated double and triple mutants for phenotype analysis.",P001
272,30,"Here, all plants lacking CRC function were androecious, whereas knat2-like1/er double mutants exhibited the same subandroecious traits as the er mutant (Extended Data Fig. 8h).",P001
273,30,"These results indicated that CRC is epistatic to ER and KNAT2-like1, and ER is epistatic to KNAT2-like1.",P001
274,30,"KNAT2-like1 was specifically expressed in the receptacle; however, besides expression in receptacle after S5, CRC and ER also showed overlapping expression with AG1 during carpel primordia initiation at S4 and S5 (Extended Data Fig. 8i).",P001
275,30,"Our findings support a model in which the loss of function of any one of these three genes leads to receptacle arrest and promotes stamen development; however, compared with knat2-like1 mutants, carpel initiation is also repressed in crc and er, resulting in a female-to-male sexual transition (Extended Data Fig. 8j).",P001
276,30,"Taken together, these findings indicate a key role for KNAT2-like1 in floral receptacle development and inferior ovary formation and suggest a regulatory mechanism involving genetic interaction with ER and CRC.",P001
277,31,"The mutation of just KNAT2-like1 in cucumber simultaneously leads to the formation of bisexual flowers and superior ovaries, suggesting that during receptacle evolution a direct link was established between the development of the unisexual flowers and inferior ovaries.",P001
278,31,"To investigate the specificity of cucumber receptacle development, floral buds of superior ovary mutants (knat2-like1) and tomato at S8 were collected to generate spatial transcriptomic data for comparative analysis (Supplementary Table 1).",P001
279,31,"In total, seven clusters were identified for both the superior ovary mutant and tomato.",P001
280,31,These clusters were annotated based on their distribution and the expression of marker genes (Fig.,P001
281,31,"7a,b, Extended Data Fig. 9a–e and Supplementary Tables 10 and 11) and then integrated into superclusters (Fig.",P001
282,31,"7b). Unlike cucumber, tomato lacks a specific FIM, and the receptacle is located below the carpel rather than in the surrounding position for cucumber.",P001
283,31,"Although the superior ovary mutant still has an FIM, the arrested receptacle and upward carpel growth were observed (Fig.",P001
284,31,"7b). We further compared the expression patterns of markers for each supercluster to compare their floral organ structures among cucumber, superior ovary mutant and tomato and found that in all the material AP3 and PI were expressed in petals and stamens, and AG showed specific expression in the carpel and stamen (Extended Data Fig. 9f).",P001
285,31,"We further analysed the expression patterns of important genes in inferior ovary development, such as KNOX1 TF genes, CRC, ACO2 and ACS2, which show specific expression in the FIM, receptacle or conjunctive",P001
286,32,869 a b Exon Intron 60 Sex ratio (%) CR-knat2-like1 CsKNAT2-like1 40 Target sgRNA PAM 20 WT CCATTGCAAGTACAAGCTGTGG k-1 (–2) CCATTGCAAGTACA - - CTGTGG 0 k-2 CCATTGCAAGTACAAGTCTGTGG (+1) WT k-1 c d k-2 G k-2 G ♂♀ ♂♀ St St St St St Ca St Ca Ca St Ca St St Ca Ca Ov Ov Ca Ov Ca Ca S6 S7 S8 S9 S10 S11 S10 S12 -3 DPA f k-2 G ♂♀ 2 DPA 3 DPA 4 DPA 5 DPA 6 DPA g Ab Ad Ad Ov Ov Ov k-2 G ♂♀ ♀ h KNAT2-like1 S8 S9 S7 S7 S4 S4 S4 WT ♂ ♀ sequence of the knat2-like1 mutants generated by CRISPR–Cas9.,P001
287,32,"b, Male, female and superior ovary flower ratios.",P001
288,32,The bars represent means ± standard deviation (n = 10).,P001
289,32,"c, Paraffin-embedded sections showing the morphology of flower buds with superior ovaries in the k-2 mutant from S6 to S11.",P001
290,32,"St, stamen; Ca, carpel; G, superior ovary; Ov, ovule.",P001
291,32,"d, The longitudinal images of the superior ovaries of the k-2 and k-1 mutants from S10 to 0 DPA.",P001
292,32,"e, A longitudinal 3D image reconstruction of male, female and abnormal superior ovary flowers of the k-2 mutant.",P001
293,32,"The blue, pink and yellow symbols represents male, female and tissue (Fig.",P001
294,32,"7c). All KNOX1 TFs in cucumber were identified through sequence comparisons with other representative angiosperms species, of which CsSTM-like and CsKNAT2-like1 were present in the duplicated subclades of the KNOX1 family (Fig.",P001
295,32,"7d, Extended Data Fig. 10 and Supplementary Table 12).",P001
296,32,"CsSTM-like, which does not have an orthologue in tomato, showed specific expression in the FIM of the cucumber WT and superior ovary mutant (Fig.",P001
297,32,7c); KNAT2-like1 exhibited specific and,P001
298,33,"e k-2 G ♂♀ WT ♂ ♀ Male_rate Female_rate Superior_rate S5 S7 k-2 C-1 C-2 St St S8 Ca Ca Ov Ov S11 0 DPA S12 k-1 G ♂♀ Sepal Petal Stamen Carpel Nectary S12 Calyx tube 7 DPA 8 DPA 8 DPA Receptacle Ab Ab FIM Ad -1 DPA Ov i Ab Receptacle Carpel Ad Superior ovary S9 Developmental stages S7 Acquisition of KNAT2-like1 activity Inferior ovary k-2 G ♂♀ Developmental stages abnormal superior ovary flowers, respectively.",P001
299,33,"f, The phenotype of a developing abnormal superior ovary on the k-2 mutant plant from 2 to 8 DPA.",P001
300,33,"g, Longitudinal and transect-sectional images of the inferior ovaries and superior ovaries from the WT (left) and k-2 mutant (right), respectively.",P001
301,33,"Ad, adaxial; ab, abaxial; G, inferior ovary.",P001
302,33,"h, In situ hybridization of KNAT2-like1 expression in male, female and superior ovary floral buds from the WT and k-2 mutant plants.",P001
303,33,"i, A schematic diagram of the superior ovary and inferior ovary formation in knat2-like1 mutant and the WT.",P001
304,33,"Scale bars,1 mm (c–e), 1 cm (f and g) and 200 μm (h).",P001
305,33,high levels of expression in the cucumber receptacle (Fig.,P001
306,33,"7c). Although there is an orthologue of CsKNAT2-like1 in tomato (SlKN4), in comparison, SlKN4 showed little expression in the floral receptacle (Fig.",P001
307,33,"7c). In Arabidopsis thaliana and tomato, CRC is a key gene in carpel development, and its expression is reported to be regulated by AG22.",P001
308,33,"In contrast with the predominant expression of CsCRC in the receptacle of cucumber, there is a lack of expression in the superior ovary mutant,",P001
309,34,"870 a b C. sativus G ♂♀ 0 Epidermis 1 Receptacle 2 Sepal mesophyii (basal) 3 Sepal mesophyil 4 Stamen 5 Carpel 6 Sepal mesophyii (upper) Bright field Cell type c Cs G Sl Cs G Sl ♂♀ ♂♀ ♂♀ ♂♀ ♀ ♀ Max Expression Min CsSTM-like CsSTM-like SlSTM CsKNAT2-like1 CsKNAT2-like1 SlKN4 Cs G Sl Cs G Sl ♂♀ ♂♀ ♂♀ ♂♀ ♀ ♀ CsCRC CsCRC SlCRC CsACO2 CsACO2 SlACO2 ♂♀ ♂♀ Cs G Sl Cs ♂♀ G Sl ♂♀ ♀ ♀ CsACS2 CsACS2 SlACS2 CsER CsER SlER1 cucumber, superior ovary mutant and tomato.",P001
310,34,"a, Left: a cryosection of tomato floral bud at S8.",P001
311,34,Right: a spatial visualization of clusters identified in tomato floral buds at S8.,P001
312,34,"b, A spatial distribution of superclusters in a comparative analysis of superior ovary cucumber mutant (left), female floral bud of cucumber (middle) and tomato floral bud (right).",P001
313,34,"c, A spatial expression of whereas SlCRC expression is enriched in the carpel (Fig.",P001
314,34,"7c), suggesting that a distinct expression pattern has evolved in cucumber.",P001
315,34,"We also confirmed the absence of expression of the other receptacle marker genes, CsERECTA (ER), ACO2 and CsACS2, or of their orthologues, in the superior ovary mutant and tomato (Fig.",P001
316,34,"7c). Based on these findings, we propose that novel genes and new expression patterns were acquired C.",P001
317,34,sativus S. lycopersicum G ♂♀ ♀ Sepal Sepal Petal Petal Epidermis,P001
318,35,Carpel Stamen Receptacle Carpel Epidermis Receptacle FIM d AtBEL1 CsKNAT1-like 100 ClaKNAT1-like 91 ClaKNAT1 99 CsKNAT1 100 SlKN1 AtKNAT1 85 ClaKNAT2-like1 99 99 KNAT2-like1 SlKN4 KNAT2-like2 100 98 ClaKNAT2-like2 SlKN3 90 99 AtKNAT2 90 AtKNAT6 84 99 ClaKNAT6 75 CsKNAT6 77 CsKNAT2 100 ClaKNAT2 100 ClSTM 92 CsSTM 60 SlSTM1 AtSTM 93 CsSTM-like 100 ClSTM-like 93 Cla97C01G003320.2 78 CsaV3_5G003340.1 100 SlKN8 70 AtKNAT7 SlKN6 99 SlKN7 99 SlKN5 0.5 100 AtKNAT4 72 AtKNAT3 99 Cla97C08G156950.2 C.,P001
319,35,sativus L. 78 CsaV3_2G032310.1 S.,P001
320,35,AtKNAT5 C. lanatus 88 CsaV3_4G036880.1 99 Arabidopsis thaliana L.,P001
321,35,"Cla97C05G097580.2 marker genes involved in floral organ development in cucumber (S8-1), superior ovary cucumber mutant (S8-1) and tomato (S8).",P001
322,35,"d, A phylogenetic tree showing relationships between KNOX1 TFs from C.",P001
323,35,"sativus L., S. lycopersicum L., C.",P001
324,35,lanatus and Arabidopsis thaliana.,P001
325,35,The stars represent the KNOX1 family of TFs in cucumber.,P001
326,35,A more comprehensive phylogenetic tree including additional species is provided in Extended Data Fig. 10.,P001
327,35,"in the FIM and receptacle, leading to the evolutionary innovation of an inferior ovary in the cucurbits.",P001
328,36,"Gynoecium evolution is a key factor in the success and diversity of angiosperms, and the final derived feature of the gynoecium is the 871 evolution of an inferior ovary from a superior ovary.",P001
329,36,"In this current study, we generated a comprehensive collection of spatially resolved transcriptomes and reconstructed the cellular territories and cell lineages for the continuously developing floral organs of cucumber.",P001
330,36,"Our findings revealed that the prolonged activity of the FIM at the base of the floral organs is responsible for the initiation and rapid growth of the receptacle, leading to female flower determination and the formation of an inferior ovary.",P001
331,36,"Characterization of the gene expression dynamics, for cell fate establishment and development of the receptacle, provided new insights into the molecular regulatory mechanisms underlying sex determination and inferior ovary formation in the cucurbits.",P001
332,36,"Unisexual flowers and inferior ovaries have evolved independently multiple times throughout angiosperm evolution; however, in the Cucurbitaceae, both traits appear to have coevolved (Fig.",P001
333,36,1a). The knockout of KNAT2-like1 resulted in the production of stamens and the development of a superior ovary due to the disrupted formation of the floral receptacle.,P001
334,36,Theses findings provide genetic evidence that both the promotion of the receptacle formation and the suppression of stamen development are orchestrated by a single KNOX1 TF.,P001
335,36,"Accordingly, receptacle development and sex determination are closely linked in cucumber.",P001
336,36,"Most cucurbit plants are monoecious, with unisexual flowers that have been defined by M (CsACS2/CmACS7), A (CsACS11/CmACS), G (CsWIP1/CmWIP1), F (CsACS1G), CRC and ACO2 genes and their respective interactions22,51,52.",P001
337,36,Our spatial transcriptomic data established that all these sex-determining genes exhibited expression pattern in receptacle or receptacle-derived tissue.,P001
338,36,"For instance, in female flower buds, KNAT2-like1, CRC and ACO2 (ref.",P001
339,36,32) are marker genes in the receptacle,P001
340,37,"16g, 17i and 18a); CsACS11 is expressed in the vascular tissue of the receptacle53, and CsACS2 is enriched in conjunctive tissue (Supplementary Fig. 18c), which is derived from the receptacle primordia (Fig.",P001
341,37,"3c,d). These results suggest that the developmental innovation of the receptacle in Cucumis species contributes to the evolution of unisexual flowers.",P001
342,37,"Since 60% of the normal female flowers transformed into ‘superior ovary flowers’, and only some female flowers were present at the lower nodes, we determined that KNAT2-like1 is critical for receptacle development and inferior ovary formation.",P001
343,37,"It is worth noting that, however, there were still 40% of the female flowers at the lower nodes did not undergo this change.",P001
344,37,Two possibilities were proposed.,P001
345,37,"First, a duplicated homologue gene KNAT2-like2 was identified to be specifically expressed in the receptacle as KNAT2-like1, suggesting a gene functional redundancy of KNAT2-like1 (Extended Data produced some female flowers, we hypothesize that inferior ovary formation and sex determination in cucumber may also be regulated by age pathway.",P001
346,37,"The origins of novel complex traits are fundamental to evolutionary biology, and it has long been reported that gene duplication is an important source of genetic material for evolutionary novelty.",P001
347,37,"For example, duplication events involving genes, such as MADS, SEU and YABBY, may have contributed to the evolution of the GRN for fruit development9.",P001
348,37,"Here, we identified novel genes, STM-like and KNAT2-like1, and new expression patterns that have emerged in the FIM and receptacle, contributing to the evolution of inferior ovaries in cucumber.",P001
349,37,"Our findings elucidate molecular mechanisms underlying inferior ovary development and highlight the importance of duplicated TFs in species diversification, adaptive genetic variation and the emergence of novel complex traits.",P001
350,38,sativus L.) variety Gy14 and tomato (S.,P001
351,38,lycopersicum L.) variety TS69 were used for Stereo-seq analysis.,P001
352,38,All the materials were grown in a greenhouse with a 16–8 h light–dark regime and a temperature range from 18 °C to 24 °C.,P001
353,39,"For cucumber CRISPR–Cas9 vector construction, the sgRNA was designed using the CRISPR-GE web tool (http://skl.scau.edu.cn).",P001
354,39,"The sgRNA was inserted into the pASE402 vector using the restriction enzymes BsaI and T4 DNA Ligase (New England Biolabs, R3733V and M0202V).",P001
355,39,The constructed recombinant vector was transformed into Agrobacterium tumefaciens strain EHA105.,P001
356,39,"For complementation assay vector construction, the 2-Kb promoter and coding sequence of KNAT2-like1 were amplified using specific primers, and the amplified fragments were inserted into linearized pOE-HA vector (digested by SbfI and BamHI, New England Biolabs, R3642S and R3136S) using the In-Fusion method (Vazyme, C116).",P001
357,39,All primers are shown in Supplementary Table 13.,P001
358,39,The cucumber transformation was carried out as previously described54.,P001
359,39,"Differentiated shoots were selected and transferred to plastic cups for rooting, and the seedlings were then planted in soil.",P001
360,40,"To identify mutations in the target sites generated by CRISPR, genomic DNA was extracted from all CRISPR T0 generation and T1 generation plants that harbor variations in target genes using the CTAB method55.",P001
361,40,"PCR for target site amplification was performed using KOD-One (TOYOBO, KOD-201) and the primers listed in Supplementary Table 13, and the sequences of the amplified PCR products were aligned with the WT genome sequences.",P001
362,41,"Flowers at S1 to S8 stages of cucumber Gy14 and tomato TS69 were isolated under a stereoscope (SOPTOP, SZN71) and fixed with FAA (50% ethanol, 5% glacial acetic acid and 3.7% formaldehyde), dehydrated with a sequential series of ethanol treatments (50%, 70%, 85%, 95% and 100%), cleared with xylene and then embedded in paraplast (Sigma-Aldrich, cat.",P001
363,41,"no. P3683). The embedded samples were sectioned (8 μm) using a microtome (Leica, RM2235) and then deparaffinized and cleared with xylene, before sequential rehydrated in an ethanol gradient (100%, 90%, 70%, 50% and 30%).",P001
364,41,"The sections were then stained with 0.1% toluidine blue solution (ScyTek, cat.",P001
365,41,"no. TQF999) for 1 min, washed six to eight times with water, mounted with neutral balsam (Solarbio, cat.",P001
366,41,"no. G8590) and scanned with a ScanScope (Leica, APERIO CS2).",P001
367,42,sativus L.) variety Gy14 and tomato (S.,P001
368,42,lycopersicum L.) variety TS69 were fixed in 3.5% glutaraldehyde for 24 h at room temperature.,P001
369,42,"After washing thoroughly in 0.1 M phosphate buffer (pH 7.2), the samples were fixed in 1% osmic acid for 2 h, dehydrated an ethanol series (30%, 40%, 50%, 60%, 70%, 80%, 90%, 95% and 100%) and dried in a critical point dryer (Leica, EM CPD 300).",P001
370,42,"The samples were coated with gold powder using a sputter coater (HITACHI, MC1000) and observed by a scanning election microscope (Hitachi, SU 8010).",P001
371,43,"Fruits of cucumber Gy14 at specific developmental stages (S5, S7 and S8) were collected and fixed in FAA and 10% phosphotungstic acid at 4 °C for 7 days, followed by dehydration in a graded water-ethanol series and CO2 critical point drying.",P001
372,43,"The samples were then imaged using a micro-CT scanner (Bruker, Skyscan1172).",P001
373,43,"The spatial architecture was aligned from a series of 3D images using the ‘coregistration’ function in Data Viewer (Bruker, 3D Suite).",P001
374,43,"3D reconstruction The samples were imaged using a SkyScan micro-CT, rotating 360°, with an interlayer distance of 1.48 μm.",P001
375,43,The regions near sample surfaces were excluded.,P001
376,43,"The images were saved as 8-bit bitmaps, processed in NRecon software for two dimensions, and ‘Calculate 3D tool’ was used for 3D visualizations.",P001
377,43,CTan software refined the images before 872 stacking.,P001
378,43,"The 3D reconstructions were segmented using 3D Slicer for Mac, exported in stereolithography format, and further analysed for volume rendering in Blender (https://www.blender.org/).",P001
379,44,Female flowers from different developmental stages of cucumber Gy14 were collected and fixed in ice-cold paraformaldehyde fixative (4% paraformaldehyde and 4% DMSO in 1× PBS) and vacuum infiltrated for 30 min.,P001
380,44,"The fixative was replaced, and the samples were gently shaken overnight at 4 °C then dehydrated in an ethanol series, cleared in an xylene series and embedded in Paraplast (Sigma-Aldrich, cat.",P001
381,44,"no. P3683). The sections (8 µm) were prepared using a microtome (Leica, RM2235).",P001
382,44,"For probe labelling, specific 400–1,000 bp sequences of target genes were amplified from the complementary DNA of Gy14 (see reverse orientation into the pEASY-Blunt Zero cloning vector (TransGen Biotech, CB501).",P001
383,44,"Using the SpeI (New England Biolabs, R3113M) linearized vectors as templates, the digoxigenin-labelled antisense and sense probes were transcribed in vitro using T7 RNA polymerase (Promega, P4074) and DIG RNA labelling mix (Roche, 11277073910).",P001
384,44,"The paraffin on the sections was dissolved with xylene, and the tissue was treated with proteinase K (Sigma, P2308) then dehydrated in an ethanol series.",P001
385,44,A probe buffer was added to the tissue sections and incubated for 12 h at 50 °C in a humidified box.,P001
386,44,"After hybridization, the sections were incubated with anti-digoxin antibody (Roche, 11093274910) for 2 h at 25 °C.",P001
387,44,"The sections were then washed and incubated in an NBT/BCIP reaction solution (Roche, 11681451001) for 36–48 h at 25 °C in a dark humidified box.",P001
388,44,"The images were taken under bright-field illumination using a light microscope (Zeiss, Imager Z2).",P001
389,45,"Fresh cucumber Gy14 and tomato TS69 floral buds from different developmental stages, as well as knat2-like1 mutants and WT CU2 female floral buds were collected, placed into Tissue-Tek optimal cutting temperature compound (Sakura, 4583) and vacuum infiltrated on ice for 15 min.",P001
390,45,"The samples were then placed on the bottom of a Tissue-Tek cryomold in sequence based on their developmental stages and flower bud length (Sakura, 4565).",P001
391,45,The embedding samples were fixed and stored at −80 °C.,P001
392,45,"The frozen block was incubated at −20 °C for 30 min before sectioning (10 μm thickness) with Cryostat Microtome (Leica, CM1950).",P001
393,45,"A Stereo-seq transcriptomics set (Beijing Genomics Institute (BGI), 111ST114) was used to treat the sections following the manufacturer’s instructions with minor modifications.",P001
394,45,"Briefly, methanol was used to fix the tissue on the chip for 40 min at −20 °C, then the chip was stained with Fluorescent Brightener 28 and imaged with a microscope (Motic, PA53 FS6).",P001
395,45,"The tissue on the chip was then permeabilized by treatment with 0.1% PR enzyme in 0.01 M HCl buffer (pH 2.0) for 14 min at 37 °C, so that RNAs in the tissue were captured by polyT.",P001
396,45,"Reverse transcription was performed overnight in a 37 °C incubator, and the cDNA was released into the release buffer for 3 h after tissue removal before collection for sequencing library construction.",P001
397,45,"The Stereo-seq libraries were prepared using a kit (BGI, 111KL114) and sequenced on a DNBSEQ-Tx sequencer.",P001
398,46,"Standard DNB (DNA nanoball) chips have spots with diameter of approximately 220 nm and a centre-to-centre distances of 500 nm, allowing up to 400 spots for tissue RNA capture per 100 mm2.",P001
399,46,The cryosections (10 μm) were prepared to capture approximately a single-cell layer of tissue for Stereo-seq analysis.,P001
400,46,We collected cross-sections at defined positions to ensure that comparable samples from different developmental stages were used for the Stereo-seq analysis.,P001
401,47,"thaliana KNOX TFs were obtained from TAIR10 (https://www.arabidopsis.org/), and related sequences from other species (Supplementary Table 12) were identified using BLASTP56.",P001
402,47,The sequences were submitted to HMMsearch (https://www.ebi.ac.uk/ Tools/hmmer/search/hmmsearch) to determine whether the homologous sequences identified by BLASTP share the same domain composition as those from A.,P001
403,47,thaliana. The candidates for further analysis were required to have the Homeobox_KN (PF02920) domain and either the KNOX1 (PF02790) or KNOX2 (PF02790) domains.,P001
404,47,The results were further validated using InterPro (https://www.ebi.ac.uk/interpro/) and SMART (http://smart.embl-heidelberg.de/) to assess the presence of domains and filter out false-positive sequences.,P001
405,47,Non-conserved sites in the sequences were removed using trimAl57.,P001
406,47,A phylogenetic tree was constructed based on sequence alignments using the neighbourjoining method in IQ-Tree v.2.0 (http://www.iqtree.org/).,P001
407,48,Stereo-seq fastq files were generated using an MGI DNBSEQ-Tx sequencer.,P001
408,48,"Read 1 consisted of coordinate identity (CID) and molecular identifier (MID) sequences (CID: 1–25 bp, MID: 26–35 bp), and read 2 contained the cDNA sequence.",P001
409,48,The default parameters of the SAW software suite (https://github.com/BGIResearch/SAW) were used to align raw sequencing reads to genomes.,P001
410,48,"The CID sequences in the first reads were initially mapped to the predefined coordinates of the in situ captured chip from the first sequencing round, permitting a single-base mismatch to account for sequencing and PCR errors.",P001
411,48,Reads with MIDs containing ‘N’ bases or having over two bases with quality scores below 10 were excluded.,P001
412,48,CID and MID identifiers for each read were appended to the respective read header.,P001
413,48,"Subsequently, the retained reads were aligned to reference genomes (9930 for cucumber and TS69 for tomato) using STAR and mapped reads with MAPQ >10 were annotated to their corresponding genes.",P001
414,48,"UMIs with identical CIDs and gene loci were merged, allowing a single-base mismatch for error correction in sequencing and PCR.",P001
415,48,"The single-stranded DNA photo was utilized in the SAW workflow, enabling the accurate mapping of raw reads to their precise positions on the tissue.",P001
416,48,"Ultimately, an expression count matrix was created, documenting the expression levels of each gene in every spot.",P001
417,48,The resultant expression profile matrix files were performed into bin 50 data using the BGI as previously reported58.,P001
418,48,"For the analysis in Fig. 4, bin30 data were performed on a single cell from S1–S4.",P001
419,49,"To consider spatial information in unsupervised clustering, we employed the method described earlier for Leiden clustering analysis7.",P001
420,49,"The cucumber and tomato clusters were identified based on their anatomical structure and marker genes with resolution parameters of 2.4 and 1.8, respectively.",P001
421,50,We used the SCTransform function in R package Seurat (v4.2.1)12 to normalize UMI count matrices.,P001
422,50,"Subsequently, feature gene selection (‘FindVariableGenes’ function with vst method and 2000 features), PCA dimension reduction (‘RunPCA’ function with variable genes and 30 principal components), constructing the SNN graph, clustering bins based on Louvain (‘FindNeighbors’ and ‘FindClusters’) and visualization with nonlinear dimensional reduction algorithms (‘RunTSNE’ and ‘RunUMAP’) were successively performed in Seurat.",P001
423,50,"The clustering resolution parameters were set to 2 (related to Fig. 2a, all samples from cucumber), 1.4 (related to Fig. 4a, S1–S5 samples from cucumber), 0.8 (related to Fig. 5a, all samples from cucumber in clusters of the receptacle and FIM) and 1.2 (related to Fig. 7a and Extended Data Fig. 9e, all samples from tomato), respectively.",P001
424,50,We did not filter low-expression genes due to the high sparsity of our Stereo-seq datasets59.,P001
425,50,The ‘RunHarmony’ function was used to correct batch effects between samples60.,P001
426,50,"To construct a 3D UMAP embedding, three UMAP dimensions were retrieved with ‘RunUMAP’ function using 873 the parameter (n.components = 3).",P001
427,50,"The 3D UMAP scatter graph was then plotted with three UMAP dimensions (‘UMAP_1’, ‘UMAP_2’ and ‘UMAP_3’) using the plotly package (v.4.9.1).",P001
428,51,"To identify cluster-enriched genes within the spatial transcriptome data, we used the ‘FindAllMarkers’ function in Seurat, applying a two-side Wilcoxon rank sum test to compare gene expression levels between clusters.",P001
429,51,"Specifically, we set a log fold change threshold of 1.5 (logfc.threshold = 0.58) to include only genes with at least a 1.5-fold expression difference between clusters, thereby highlighting significant differential expression patterns.",P001
430,51,"Moreover, we considered only those genes expressed in at least 25% of the cells in a given cluster (min.pct = 0.25) to focus on biologically relevant markers.",P001
431,51,"To control for multiple comparisons, we applied Bonferroni correction to adjust P values, retaining only genes with an adjusted P value below 0.05.",P001
432,52,"To construct floral developmental trajectory, we integrated and coembedded bin50 from different stages (all sample in cucumber from S1 to S8-4), at consecutive time points using Seurat with FindIntegrationAnchors and IntegrateData functions with default settings.",P001
433,52,"After integration, edge weight between clusters across stages was calculated as described in TOME30.",P001
434,52,"Finally, continuous trajectories with edges weight >0.2 from the UMAP embedding were retained for the resultant directed graph to ensure connectivity of the overall graph.",P001
435,52,"Systematic nomination of key TFs, which specifically upregulated or downregulated, for cell-type specification was identified as described in TOME30.",P001
436,53,"The genome sequences of the TS69 HiFi accession was assembled by hifiasm (https://github.com/chhylp123/hifiasm), using default parameters.",P001
437,53,The assembly was anchored and oriented to chromosomes using the reference-guided software RagTag (v.1.0.1)61 with the default parameters.,P001
438,54,"The Extensive de novo transposable element Annotator (EDTA)62 tool was used to detect different types of transposable element, including long terminal repeat retrotransposons, DNA transposons with terminal inverted repeat motifs, Helitron-like DNA transposons and short interspersed nuclear element/long interspersed nuclear element repeats.",P001
439,54,"Then RepeatMasker (v4.10) (http://www.repeatmasker.org) was used to eliminate any potential transposons, simple repeats or satellites with the transposable element library as an input.",P001
440,54,"Initiailly, PacBio Iso-Seq data from seven different tissues (root, stem, leaf, hypocotyl, macro floral buds, micro floral buds and 0 DPA placenta) underwent preprocessing using the CCS program (https:// github.com/PacificBiosciences/ccs), followed by demultiplexing using lima (https://github.com/PacificBiosciences/barcoding).",P001
441,54,The high-quality clustered FLNC reads were then aligned to the TS69 genome using pbmm2 with the parameter ‘--preset ISOSEQ’.,P001
442,54,"In addition, RNA-seq reads from the same seven tissues were mapped to the TS69 genome using HISAT2 (ref.",P001
443,54,63) (https://daehwankimlab.github.,P001
444,54,"io/hisat2/). The resultant alignments were sorted based on genomic coordinates using SAMtools64 (https://github.com/samtools/samtools) and BRAKER2 (v2.1.5)65 (https://github.com/Gaius-Augustus/BRAKER/ releases/tag/v2.1.5), with the parameters ‘--nocleanup --softmasking,’ to train the species-specific parameters within AUGUSTUS66 (https:// bioinf.uni-greifswald.de/augustus/).",P001
445,55,"The protein sequences of tomato and potato that were released earlier, along with the curated plant proteins from the UniProt Swiss-Prot database (https://www.uniprot.org/downloads), were merged.",P001
446,55,"Subsequently, a redundancy removal process was conducted using CD-HIT with default parameters67.",P001
447,55,"The homologous protein evidence derived from these sequences, and the high-quality consensus Iso-Seq reads and the StringTie assembled transcripts gff were considered as expressed sequence tags (est_gff) and inputted into MAKER2 (ref.",P001
448,55,68) to predict the gene structure by enabling options ‘protein2genome = 1’ and ‘est2genome = 1’.,P001
449,55,"The second run of MAKER2 synthesized the gene models and integrated training sets from AUGUSTUS and GeneMark-ES, followed by the removal of gene models with annotation edit distance scores >0.5.",P001
450,55,The genome-guided transcript assemblies of StringTie and Iso-Seq data were assessed using Mikado69 to select the best set of transcripts.,P001
451,55,"Ultimately, the Program to Assemble Spliced Alignments was then used to update the gene models.",P001
452,55,"In the downstream analysis, we chose the longest transcript as the representative for each predicted gene.",P001
453,56,RNA velocity estimation involves using velocyto CLI to count unspliced/ spliced RNA reads and then exporting count matrices to scVelo70.,P001
454,56,"In detail, after the count matrices were normalized across cells in S4 sample with bin30, we selected 3,000 highly variable genes and performed principal component analysis to generate a nearest neighbour graph using 30 principal components based on Euclidean distances.",P001
455,56,The firstand second-order moments were then calculated for each cell across its 30 nearest neighbours.,P001
456,56,"To estimate the RNA velocities, we performed transcriptional dynamics modelling in dynamic mode, utilizing scVelo default procedures to infer model parameters for recovering splicing kinetics, and then, the velocities were calculated.",P001
457,56,"The lower-dimensional embedding of single-cell data was utilized to visually represent RNA velocities, which are estimated and projected as streamlines.",P001
458,57,Monocle2 (ref. 71) was used to analyse the development of the receptacle from S1 to S4.,P001
459,57,"The data from epidermis, receptacle primordium and enlarged FIM were extracted.",P001
460,57,The top marker genes of each cluster were calculated using the Seurat (v4.2.1) FindAllMarkers function and were selected for Monocle2 analysis.,P001
461,57,A dimensionality reduction was performed with the DDRTree method and finally visualized using the plot_cell_trajectory function.,P001
462,57,The cluster of FIM was selected as the starting point for the development of the receptacle.,P001
463,57,The branch point was selected to analyse branches in differentiation trajectories.,P001
464,57,BEAM was used to analyse the pseudotime-dependent or branch-dependent genes.,P001
465,57,The genes that were significantly branch dependent were visualized with the ‘plot_genes_branched_heatmap’ function.,P001
466,58,"The samples from S5 to S8-4 were used, and the R package Giotto43 was employed to perform spatial coexpression module analysis.",P001
467,58,"Seurat objects were first converted to Giotto objects, employing the seuratToGiotto function, and spatially coherent expression patterns were identified using the binSpect function, ith parameters as follows: bin_method = ‘rank’, calc_hub = T and hub_min_int = 5.",P001
468,58,"The top genes were clustered to identify spatially coexpressed feature modules using clusterSpatialCorFeats function, with the following parameters set as follows: k = 17 and gene number of 3,000 for flower organs throughout all stages.",P001
469,59,"We conducted pseudotime analysis with Monocle2 in S1 to S3, S6 and S8-1 to S8-4, designating the FIM from each developmental stage as the root.",P001
470,59,The pseudotime for each cell was normalized to a scale of 0–1.,P001
471,59,"For the coexpression network, we selected the genes from module 14 based on the Giotto results as the input gene set.",P001
472,59,"To illustrate gene expression patterns along the pseudotime, we applied vector generalized linear and additive models (VGAM) to fit smooth spline curves to the expression levels of these genes.",P001
473,59,"Following this, we performed GRNs analysis using SCODE72.",P001
474,59,"The algorithm was executed 100 times, and the average results were computed to ensure a reliable evaluation.",P001
475,59,"874 The inferred regulatory relationships were then saved in a file named ‘meanA.txt’, and these arranged files were imported into Cytoscape73 (3.10.3) for visualizing the interactions between the genes.",P001
476,60,"For RNA in situ hybridization experiments, each hybridization probe was repeated with the same results using at least three independent samples.",P001
477,60,"Similarly, the tissue sections followed the same reproducibility standards, ensuring consistency across all experiments.",P001
478,60,"There was no randomization in this study, and the investigators were not blinded to assignment during experimentation or result evaluation.",P001
479,60,The sample size was not predetermined using any statistical methods.,P001
480,61,The raw and processed Stereo-seq data are available via the CNGB Nucleotide Sequence Archive at https://db.cngb.org/stomics/ctsta.,P001
481,61,"The TS69 genome assembly, with annotations, is available via the CNGB Nucleotide Sequence Archive (accession ID CNP0006766).",P001
