sentence_id,chunk_id,text,paper_id,status,drop_reason
0,0,The functions and mechanisms of iron in nitrogen-fixing nodules are well established.,P011,kept,
1,0,"However, the role of iron and the mechanisms by which legumes sense iron and incorporate this cue into nodulation signalling pathways remain unclear.",P011,kept,
2,0,"Here we show that iron is a key driver of nodulation because symbiotic nodules cannot form without iron, even under conditions of sufficient light and low nitrogen.",P011,kept,
3,0,We further identify an iron optimum for soybean nodulation and the iron sensor BRUTUS A (BTSa) which acts as a hub for integrating iron and nodulation cues.,P011,kept,
4,0,"BTSa is induced by rhizobia, binds to and is stabilized by iron.",P011,kept,
5,0,"In turn, BTSa stabilizes and enhances the transcriptional activation activity of pro-nodulation transcription factor NSP1a by monoubiquitination from its RING domain and consequently activates nodulation signalling.",P011,kept,
6,0,Monoubiquitination of NSP1 by BTS is conserved in legumes to trigger nodulation under iron sufficiency.,P011,kept,
7,0,"Thus, iron status is an essential cue to trigger nodulation and BTSa integrates cues from rhizobial infection and iron status to orchestrate Symbiotic nitrogen fixation between legume plants and nitrogen-fixing rhizobacteria is the largest potential natural source of new nitrogen in the biosphere, with implications for global primary production, carbon sequestration and element cycling1–4.",P011,kept,
8,1,"Under low-nitrogen conditions, legumes release flavonoid compounds to induce rhizobia to produce and secrete lipochitooligosaccharides (LCOs), known as nodulation (Nod) factors.",P011,kept,
9,1,Nod factors are sensed on the plasma membrane of root-hair cells by host Nod-factor receptors5–10.,P011,kept,
10,1,"The perception of Nod factors by the LysM receptor kinase complexes triggers the nodulation signalling cascade by inducing nuclear calcium spiking, decoding of the calcium signals and activating a series of transcription factors, including NODULATION SIGNALLING PATHWAY 1/2 (NSP1/2) and its host responses towards establishing symbiotic nitrogen fixation.",P011,kept,
11,1,"downstream nodulation-essential gene NODULE INCEPTION (NIN), which controls all known nodulation procecsses11–19.",P011,kept,
12,1,"Rhizobia then infect and colonize root cells to form root nodules wherein rhizobial nitrogenases reduce dinitrogen to ammonia to provide the host plant with sufficient nitrogen, in exchange for organic molecules from photosynthesis20,21.",P011,kept,
13,1,"The formation and maintenance of nodule functions require substantial resources, and host plants tightly control nodule numbers through a root–shoot long-distance negative regulatory system called autoregulation of nodulation (AON)22–29.",P011,kept,
14,1,"However, nodule formation and function are also influenced by environmental factors, such as light and nutrients, which provide carbon and essential elements for symbiotic nitrogen fixation1,30–37.",P011,kept,
15,2,"Wuhan, China. 595 Iron (Fe) is a vital micronutrient for all forms of life.",P011,kept,
16,2,"Despite being the second-most-abundant metal element on our planet, iron mainly exists in the highly insoluble ferric form in most habitats, making it difficult for bacteria and plants to absorb and use directly38.",P011,kept,
17,2,"Iron is a key component or cofactor of various proteins or enzymes in plant cells and plays pivotal roles in diverse processes, such as respiration, photosynthesis and metabolism of reactive oxygen and nitrogen species39.",P011,kept,
18,2,"In legumes, both nitrogenase in nitrogen-fixing bacteria and leghaemoglobin in infected nodule cells are iron-containing proteins; thus iron levels directly regulate nitrogenase activity, thereby influencing the efficiency of symbiotic nitrogen fixation40,41.",P011,kept,
19,2,"While the link between symbiotic nitrogen fixation in root nodules and iron has been well documented in legumes, the roles and mechanisms of iron during the early stages of nodulation are still not fully understood.",P011,kept,
20,2,"Limited research has suggested that certain legumes, such as Lupinus angustifolius, do not form nodules in iron-deficient environments, highlighting the essential role of iron in rhizobia–host interaction, infection and nodule development42–44.",P011,kept,
21,2,"Inadequate iron levels have been shown to reduce nodule formation in different legume species, such as soybean (Glycine max)36,45.",P011,kept,
22,2,The effects of varying concentrations of iron on nodulation and the optimal iron requirement for nodulation have not been comprehensively studied yet.,P011,kept,
23,3,"To cope with fluctuations in environmental iron levels, plants have evolved mechanisms to sense iron status and modulate the expression of genes involved in iron absorption and transport.",P011,kept,
24,3,This is achieved via a transcriptional regulatory network consisting of a set of transcription factors (TFs)46.,P011,kept,
25,3,"In Arabidopsis, under iron deficiency, FER-LIKE IRON-DEFICIENCY-INDUCED TRANSCRIPTION FACTOR 1 (FIT1) interacts with Ib-subgroup bHLH TFs (bHLH38/39/100/101) to regulate iron uptake-related genes such as FERRIC REDUCTASE-OXIDASE 2 (FRO2) and IRON-REGULATED TRANSPORTER 1 (IRT1)47–50.",P011,kept,
26,3,"The expression of FIT and Ib-bHLH TFs is induced by upstream IVb-subgroup bHLH TFs (bHLH121/URI) and IVc-subgroup bHLH TFs (for example, bHLH105/ ILR3 and bHLH115)51–54.",P011,kept,
27,3,"bHLH121/URI is phosphorylated and interacts with subgroup-IVc bHLH TFs to induce Ib-bHLH TFs, POPEYE (PYE), BRUTUS (BTS) and BRUTUS-LIKE (BTSL), to activate the iron-deficiency response53,54.",P011,kept,
28,3,"BTS/BTSL are E3 ligases that contain Fe-binding haemerythrin (HHE) domains in the N terminus, a CHY zinc-finger domain and a RING domain in the C terminus55,56.",P011,kept,
29,3,"When sufficient iron is available, BTS and BTSL bind to iron and interact with and ubiquitinate target proteins, including IVc bHLH TFs, bHLH121/URI and FIT, leading to their proteasomal degradation, thereby turning off the Fe-deficiency response53,54,56–58.",P011,kept,
30,3,"In addition, iron-deficiency-induced IRON MAN (IMA) peptides compete with bHLH105/bHLH115 to interact with BTS, preventing the degradation of these TFs by BTS and thereby triggering the response to iron deficiency59.",P011,kept,
31,3,"Thus, BTS proteins function as potential iron sensors, playing an indispensable role in maintaining iron homeostasis during plant growth and development60.",P011,kept,
32,4,"Iron plays a central role in the interaction between plants and microbes, as both require iron61,62.",P011,kept,
33,4,"For symbiotic nodulation in Lotus japonicus, IMA is activated by NIN to regulate iron provision63, and CHY1/2 and LjRING, the homologues of AtBTS in soybean and L. japonicus, function in nodulation64,65, suggesting a link between iron and Fig. 1 | Iron levels determine root nodulation in soybean.",P011,kept,
34,4,"a, Representative images of infection threads in hydroponically grown wild-type Wm82 roots with GUS-tagged USDA110 rhizobia under different iron concentrations at 3 DAI.",P011,kept,
35,4,"b, Number of infection threads under the indicated iron treatments.",P011,kept,
36,4,"Data are means ± s.d.; n = 8 (for 0, 0.4, 20, 40, 80 µM Fe) and 9 (for 160 µM Fe).",P011,kept,
37,4,"c, Representative images of nodule primordia in Wm82 roots with GUS-tagged USDA110 rhizobia under the indicated iron conditions at 6 DAI.",P011,kept,
38,4,"d, Number of nodule primordia under the indicated iron treatments.",P011,kept,
39,4,Data are means ± s.d.; n = 8.,P011,kept,
40,4,"e, Representative images of Wm82 nodules with GUS-tagged USDA110 rhizobia under the indicated iron conditions at 21 DAI.",P011,kept,
41,4,"f, Nodule numbers under the indicated iron treatments.",P011,kept,
42,4,"However, it is unclear exactly how the host senses iron levels to orchestrate effective rhizobia–host interactions and trigger symbiotic nodulation.",P011,kept,
43,4,Here we present an in-depth analysis of nodulation in soybean in response to iron availability.,P011,kept,
44,4,We sought to address the following questions: what is the role of iron in symbiotic nodulation; what determines sensing of iron availability during nodulation; how does the iron signal integrate to the nodulation signalling pathway; and whether the mechanism of legume nodulation in response to iron is conserved.,P011,kept,
45,4,"Our goal is to determine the role of iron in nodule initiation and uncover the molecular mechanism exploited by soybean to monitor external iron levels, which guarantees the formation of nodules under favourable iron conditions.",P011,kept,
46,5,"To determine the role of iron in soybean nodulation, we initially investigated its effect on nodulation.",P011,kept,
47,5,"We inoculated the soybean reference cultivar Williams 82 (Wm82) with Bradyrhizobium diazoefficiens USDA110 rhizobia in a hydroponic growth setup with iron (Fe–EDTA) concentrations of 0, 0.4, 40 and 400 µM under low-nitrogen and sufficient light conditions.",P011,kept,
48,5,"Plants formed the highest number of nodules at 40 µM iron, and almost no nodules at 0 and 400 µM iron.",P011,kept,
49,5,"Consistently, infection number and primordia number were dramatically decreased under 0 and 400 µM iron (Extended Data Fig. 1a–f).",P011,kept,
50,5,"To ascertain the optimal iron concentration for nodulation, we then conducted a comprehensive assessment of iron concentration, encompassing 0, 0.4, 20, 40, 80 and 160 µM, to evaluate their effects on nodulation (Extended Data Fig. 1g–n).",P011,kept,
51,5,"The number of infection threads, nodule primordia, nodules and nitrogenase activity all increased up to and peaked at 40 μM but dramatically decreased at 80 μM Fe (Fig. 1a–g).",P011,kept,
52,5,"Nodules barely formed at 160 μM Fe, although a few infection threads and primordia were observed (Fig. 1a–g).",P011,kept,
53,5,"Our results indicate that iron is essential for soybean nodulation, with 40 μM being an optimal iron concentration, at least under this setup.",P011,kept,
54,5,"Excess iron led to accumulation of reactive oxygen species (ROS) in roots (Extended Data Fig. 1h–j), potentially causing molecular damage and cell toxicity that disrupt nodulation.",P011,kept,
55,5,This aligns with previous findings on increased ROS and cytotoxicity induced by excess iron via the Fenton reaction in plant cells66.,P011,kept,
56,6,Expression of NIN genes mirrored nodulation phenotypes (Fig. 1h–k).,P011,kept,
57,6,"Genes upstream of NIN1a, namely, NSP1a/b and NSP2a/b, the functional orthologues of central nodulation regulators NSP1 and NSP2 in other legumes, were minimally influenced by these iron concentrations (Extended Data Fig. 1k–n).",P011,kept,
58,6,"Together, these data suggest that iron is a strong driver of the soybean–rhizobia symbiosis and indicate that soybean can sense iron status and transmit this to regulate the core nodulation gene NIN1a, thereby controlling nodulation.",P011,kept,
59,6,"Next, we aimed to investigate the response of soybean nodulation to low iron.",P011,kept,
60,6,"Although a hydroponic approach enables precise control over iron concentrations, due to its complexity in operation and its negative impact on plant growth, we eventually chose to carry out follow-up experiments using a 200 μM AA-DP/2,2′-bipyridine-simulated low-iron method (~20 μM iron) in soil, which yielded a similar effect on soybean nodulation36.",P011,kept,
61,6,"are means ± s.d.; n = 15, 15, 12, 12, 15, 12 (for 0, 0.4, 20, 40, 80, 160 µM Fe).",P011,kept,
62,6,"g, Nitrogenase activity under the indicated iron treatments.",P011,kept,
63,6,"Data are means ± s.d.; n = 3, 5, 7, 11, 7, 5 (for 0, 0.4, 20, 40, 80, 160 µM Fe).",P011,kept,
64,6,"h–k, RT–qPCR of NIN1a (h), NIN1b (i), NIN2a (j) and NIN2b (k) expression under the indicated iron conditions at 1 DAI.",P011,kept,
65,6,Data are means ± s.d.; n = 3 and relative expression was normalized to ELF1b.,P011,kept,
66,6,"For boxplots (b,d,f,g), whiskers indicate minimum and maximum values, centre lines indicate medians, and box boundaries indicate the upper (25th percentile) and lower (75th percentile) quartiles.",P011,kept,
67,6,"Different lowercase letters above plots indicate significant differences determined using one-way ANOVA (P < 0.05) (b,d,f,g) or two-way ANOVA (P < 0.05) (h–k).",P011,kept,
68,6,The experiments were repeated 3 times with similar results.,P011,kept,
69,7,596 0 µM Fe 0.4 µM Fe 20 µM Fe 40 µM Fe 0 µM Fe 0.4 µM Fe 20 µM Fe 40 µM Fe 0 µM Fe 0.4 µM Fe 40 µM Fe 80 µM Fe h –R 6.0 Relative NIN1a expression +R 5.0 4.0 3.0 2.0 bc 0.4 160 Fe (µM ) j 3.0 Relative NIN2a expression –R +R 2.5 2.0 1.5 cd cd 0.5 0.4 160 Fe (µM ) 500 number per 5 cm root 450 400 Infection thread 350 300 200 80 µM Fe 160 µM Fe 0 0.4 160 Fe (µM ) 110 number per 5 cm root 90 Nodule primordia 80 µM Fe 160 µM Fe 30 cd 10 0 0.4 160 Fe (µM ) Nodule number per plant 30 10 20 µM Fe 0 0.4 160 Fe (µM ) 10 C2H2 (µmol h–1 per plant) 9 8 7 6 5 4 3 2 0 0.4 160 160 µM Fe Fe (µM ) i –R 3.0 Relative NIN1b expression +R 2.5 2.0 bc 1.5 bc bc bc 0.5 0.4 160 Fe (µM ) k 3.5 –R Relative NIN2b expression +R 3.0 2.5 2.0 1.5 cd cd cd 0.5 0.4 160 Fe (µM ) 597 1.5 NSP1a–MYC NFe LFe 1.2 expression 0.9 α-MYC 0.6 0.3 α-actin 0.51 NSP1a-OE Nodule number per plant NFe nsp1a-1 LFe NFe LFe nsp1a-1 Fig. 2 | NSP1a is involved in low-Fe-mediated inhibition of nodulation.,P011,kept,
70,7,"a, NSP1a–4×MYC abundance in Wm82 hairy roots carrying a UBIpro:NSP1a–4×MYC cassette under normal (NFe) and low-iron (LFe) conditions.",P011,kept,
71,7,The numbers at the bottom denote the relative intensities of NSP1a–MYC normalized to the sample under normal iron condition.,P011,kept,
72,7,"b, NSP1a–MYC transcript levels in Wm82 hairy roots used in a; values are means ± s.e.m.",P011,kept,
73,7,‘a’ represents no significant difference between NFe and LFe based on one-way ANOVA (P < 0.05).,P011,kept,
74,7,"c, Western blot of native NSP1a abundance in wild-type Wm82 roots with GFP-tagged rhizobia under NFe and LFe conditions at 5 DAI.",P011,kept,
75,7,The numbers at the bottom denote the relative intensities of NSP1a normalized to the sample under normal iron condition.,P011,kept,
76,7,"d, ChIP– qPCR assay of NSP1a–4×MYC accumulation at the NIN1a promoter.",P011,kept,
77,7,Data are means ± s.d.; n = 3.,P011,kept,
78,7,"EV, empty-vector negative control.",P011,kept,
79,8,"NSP1a is a transcriptional activator of NIN1a in soybean nodulation11,14.",P011,kept,
80,8,"Because NSP1a messenger RNA level upon inoculation was apparently unresponsive to iron supply (Extended Data Fig. 1k), we hypothesized that iron limitation reduces the transcriptional activity of NSP1a on the NIN1a promoter.",P011,kept,
81,8,"To test this, we first analysed whether different iron regimes affect NSP1a stability by expressing a MYC-tagged NSP1a fusion protein from the constitutive and ubiquitous UBI1 promoter (UBIpro:NSP1a–4×MYC) in transgenic soybean hairy roots grown under normal (10 μM Fe citrate) or iron-deficient (200 μM AA-DP/2,2′-bipyridine) conditions36.",P011,kept,
82,8,"NSP1a–4×MYC abundance was downregulated under iron-deficient conditions despite its transcript remaining stable between iron conditions (Fig. 2a,b), suggesting that iron promotes NSP1a accumulation.",P011,kept,
83,8,"To confirm this, we assayed native NSP1 abundance in root extracts from plants treated with 10 μM Fe citrate or 200 μM AA-DP using NSP1 native antibody (specificity of antibody is shown in Extended Data Fig. 2a) and detected a downregulation of NSP1 under iron deficiency (Fig. 2c), confirming that iron can stabilize NSP1a in planta.",P011,kept,
84,8,"Next, we examined the influence of iron on NSP1a–4×MYC enrichment at the NIN1a promoter by chromatin immunoprecipitation–quantitative polymerase chain reaction (ChIP–qPCR).",P011,kept,
85,8,"Strong enrichment was observed in the –1,748 bp and –2,183 bp region of the NIN1a promoter in plants grown under normal conditions (Fig. 2d), consistent with a previous report67.",P011,kept,
86,8,"NSP1a–4×MYC association at the NIN1a promoter was sharply reduced under iron deficiency (Fig. 2d), in agreement with NIN1a downregulation under iron limitation (Fig. 1h).",P011,kept,
87,8,"To further elucidate the function of NSP1a under limited-iron conditions, we generated an nsp1a knockout mutant (Extended Data Fig. 2b–d) and characterized nodulation (Fig. 2e–g). The inhibitory effects of iron limitation on nodulation and nitrogenase activity were 8 NSP1aOE enrichment fold 6 Relative α-NSP1 4 2 α-actin NFe LFe 0.65 h 4.0 NFe 6 Relative NIN1a expression NFe-R C2H2 (µmol h–1 per plant) LFe NFe+R 5 3.0 LFe-R 4 LFe+R 2.0 3 2 c c c c c c nsp1a-1 nsp1a-1 Wm82 and nsp1a-1 under low-iron conditions.",P011,kept,
88,9,"f, Effect of iron concentration on nodulation of nsp1a-1 mutant.",P011,kept,
89,9,Nodules were counted at 21 DAI.,P011,kept,
90,9,"Data are means ± s.d.; n = 13, 12, 12, 12 (for WT + NFe, WT + LFe, nsp1a-1 + NFe and nsp1a-1 + LFe, respectively).",P011,kept,
91,9,"g, Effect of iron on nitrogenase activity of nsp1a-1 mutant.",P011,kept,
92,9,Nitrogenase activity was assayed at 21 DAI.,P011,kept,
93,9,"Data are means ± s.d.; n = 9, 8, 8, 10 (for WT + NFe, WT + LFe, nsp1a-1 + NFe and nsp1a-1 + LFe, respectively).",P011,kept,
94,9,"h, Expression of NIN1a in WT and nsp1a-1 under different iron conditions at 1 DAI.",P011,kept,
95,9,Data are means ± s.d.; n = 3.,P011,kept,
96,9,"For boxplots (f,g), whiskers indicate minimum and maximum values, the line indicates the median, and the box boundaries indicate the upper (25th percentile) and lower (75th percentile) quartiles.",P011,kept,
97,9,"Different lowercase letters above plots (d,f–h) indicate significant differences determined using two-way ANOVA (P < 0.05).",P011,kept,
98,9,The experiments were performed 3 times with similar results.,P011,kept,
99,9,"nearly completely lost in the nsp1a-1 mutant (Fig. 2e–g), and NIN1a induction by rhizobia was dramatically inhibited (Fig. 2h).",P011,kept,
100,9,"Together, these data implicate NSP1a as a factor in transducing low iron to nodulation.",P011,kept,
101,9,"The induction and stabilization of NSP1a under sufficient iron subsequently activates NIN1a, thereby promoting nodulation.",P011,kept,
102,10,The pronounced nodulation phenotype of nsp1a-1 under low-iron conditions suggests that NSP1a functions to integrate iron availability with nodulation-signalling pathways.,P011,kept,
103,10,"To identify putative iron-signalling components, we performed a yeast two-hybrid (Y2H) assay to capture NSP1a-interacting proteins (Supplementary Table 1).",P011,kept,
104,10,"Among the detected candidates, Glyma.05g237500 contains metal-ion-binding and DNA-binding domains and is predicted to be an E3 ubiquitin ligase, which is conserved in plants (Extended Data Fig. 3a).",P011,kept,
105,10,Its Arabidopsis orthologue BRUTUS (AtBTS) is an iron sensor that negatively regulates responses to iron deficiency57.,P011,kept,
106,10,We therefore assigned Glyma.05g237500 as BTSa on the basis of its phylogenetic relationship with AtBTS (Extended Data Fig. 3a).,P011,kept,
107,10,This led us to wonder whether BTSa potentially integrates iron and nodulation cues in soybean.,P011,kept,
108,10,"To test this, we first validated the NSP1a–BTSa interaction.",P011,kept,
109,10,Full-length BTSa can interact with NSP1a in a yeast two-hybrid assay (Fig. 3a).,P011,kept,
110,10,"This interaction occurs in planta in the nucleus and BTSa– 3×HA could be co-immunoprecipitated with NSP1a–GFP (Fig. 3b,c), thus confirming that BTSa is indeed an NSP1a-interacting partner.",P011,kept,
111,10,"To dissect which domain(s) mediate(s) the interaction of BTSa with NSP1a, we split BTSa into an N-terminal fragment (BTSa-NTer) that includes its three haemerythrin (HHE) cation-binding domains, and a C-terminal fragment (BTSa-CTer) containing a CHY-type zinc-finger domain, a Rubredoxin-type fold and RING zinc-finger domain (Fig. 3d).",P011,kept,
112,10,"In yeast, BTSa-CTer, but not BTSa-NTer, could interact with NSP1a (Fig. 3a), indicating the CHY-type/ RING zinc-finger-containing domains are sufficient for this interaction.",P011,kept,
113,11,598 −LWHA −LW OD600 YFP –1 10 –2 10 0 10 –3 10 10 BD AD NSP1a–YFPN BTSa–YFPC BTSa–FL NSP1a BTSa–FL NSP1a BTSa–YFPC 53 -T YFPN BTSa-NTer NSP1a BTSa-CTer NSP1a–YFPN NSP1a YFPC BTSa-NTer BTSa-CTer BTSapro:GUS –R +R +R –R 0.03 Relative expression 0.02 0.01 BTSa BTSb i k m btsa btsb-1 btsa btsb-1 j l n ** 180 120 *** primordia per 5 cm root threads per 5 cm root Number of infection Number of nodule 90 Nodule number 120 90 30 30 btsa btsb-1 btsa btsb-1 Fig. 3 | BTSa interacts with NSP1a to promote soybean nodulation.,P011,kept,
114,11,"a–c, NSP1a interacts with BTSa variants in yeast two-hybrid (a), BiFC (b) and Co-IP (c) in N. benthamiana leaves.",P011,kept,
115,11,"d, Domain structures of the full-length and BTS truncations.",P011,kept,
116,11,"−LW: Leu and Trp dropout; −LWHA: Leu, Trp, His and Ade dropout.",P011,kept,
117,11,"e, BTS expression in Wm82 roots inoculated (‘+R’ for rhizobia) or uninoculated (−R) with rhizobia.",P011,kept,
118,11,Values are means ± s.e.m.,P011,kept,
119,11,The experiments were repeated 3 times with similar results.,P011,kept,
120,11,"f, GUS staining in transgenic roots expressing BTSapro:GUS at 1 DAI.",P011,kept,
121,11,"g, BTSa–4×MYC levels in transgenic roots expressing UBIpro:BTSa–4×MYC at 1 DAI; the numbers at the bottom denote the relative intensities of BTSa–MYC normalized to inoculated sample 1.",P011,kept,
122,11,"h, BTSa– MYC transcript levels in hairy roots in g.",P011,kept,
123,11,Values are means ± s.e.m.,P011,kept,
124,11,"i,j, Representative images (i) and number (j) of infection threads in Wm82 and btsa btsb-1 at 3 DAI.",P011,kept,
125,11,The red arrowheads indicate infection threads.,P011,kept,
126,12,"Input IP:GFP Merged BTSa–HA – – NSP1a–GFP – – GFP IB:α-HA NSP1a–GFP IB:α-GFP 35 GFP 25 BTSa–FL BTSa-NTer BTSa-CTer BTSb-CTer Haemerythrin/HHE cation-binding motif CHY-type zinc-finger domain RING zinc-finger domain Rubredoxin-type domain BTSa-MYC –R +R α-MYC α-actin 0.67 0.55 0.42 h 1.5 expression 0.5 btsa btsb-2 btsa btsb-1 +R –R o 28 **** –R **** +R 24 Relative NIN1a expression 16 per plant 12 8 4 btsa btsb-1 btsa btsb-2 btsa btsb-1 Scale bars, 200 µm.",P011,kept,
127,12,Data are means ± s.d.; n = 7 (WT) and 8 (btsa btsb-1).,P011,kept,
128,12,"k,l, Representative images (k) and number (l) of nodule primordia at 6 DAI.",P011,kept,
129,12,Data are means ± s.d.; n = 6 (WT) and 7(btsa btsb-1).,P011,kept,
130,12,"m,n, Nodule phenotypes (m) and nodule number (n) at 21 DAI.",P011,kept,
131,12,"Data are means ± s.d.; n = 17 (WT), 11 (btsa btsb-1), 12 (btsa btsb-2).",P011,kept,
132,12,"o, NIN1a expression in roots at 1 DAI.",P011,kept,
133,12,Values are means ± s.e.m.,P011,kept,
134,12,The experiments were repeated 3 times with similar results.,P011,kept,
135,12,"Different lowercase letters above plots indicate significant differences determined using two-way ANOVA (P < 0.05) (e,o) or one-way ANOVA (P < 0.05) (h).",P011,kept,
136,12,"For boxplots (j,l,n), whiskers indicate the minimum and maximum values, centre lines indicate medians, and box boundaries indicate the upper (25th percentile) and lower (75th percentile) quartiles.",P011,kept,
137,12,"Significant differences were determined using twosided Student’s t-test; **P < 0.01, ***P < 0.001, ****P < 0.0001.",P011,kept,
138,13,"599 Phylogenetic analyses indicate that soybean has four paralogous BTS proteins, of which BTSa and BTSb are highly homologous with 97.2% sequence similarity (Extended Data Fig. 3a,b).",P011,kept,
139,13,Yeast two-hybrid assay showed that BTSb can also interact with NSP1a through its C terminus (Extended Data Fig. 3c).,P011,kept,
140,13,"Together, these data suggest that both BTSa and BTSb can physically interact with NSP1a and may function in soybean nodulation.",P011,kept,
141,14,"To investigate the function of BTSa and BTSb in soybean nodulation, we first assayed their expression upon inoculation with rhizobia.",P011,kept,
142,14,"Both BTSa and BTSb are induced by rhizobia and are highly expressed in nodules (Fig. 3e and Extended Data Fig. 4a,b).",P011,kept,
143,14,BTSapro:GUS activity was restricted to the vasculature of uninoculated roots and was highly induced in whole rhizobia-infected roots (Fig. 3f and Extended Data Fig. 4c).,P011,kept,
144,14,BTSapro:GUS was highly expressed in the cortex and vascular bundles as the nodules developed and matured (Extended Data Fig. 4d).,P011,kept,
145,14,"To test whether BTSa abundance is responsive to rhizobia, we transformed UBIpro:BTSa–4×MYC into hairy roots with or without rhizobial inoculation.",P011,kept,
146,14,"BTSa–4×MYC was more strongly expressed in inoculated roots vs uninoculated controls (Fig. 3g), while transgene BTSa transcripts were comparable between inoculated and uninoculated hairy roots (Fig. 3h).",P011,kept,
147,14,These results suggest that BTSa expression is responsive to rhizobia at both the transcript and protein levels.,P011,kept,
148,14,We next generated two independent btsa btsb double-knockout mutants (assigned btsa btsb-1 and btsa btsb-2) by clustered regularly interspaced short palindromic repeats–CRISPR associated 9 (CRISPR–Cas9) and evaluated their nodulation performance.,P011,kept,
149,14,"Both mutant alleles have premature stop codons, express truncated BTSa and BTSb proteins containing partial HHE domains, and show no evidence of off-target edits to the corresponding target sites for BTSc and BTSd (Extended Data Fig. 4e–g). The number of infection threads, nodule primordia and nodules in both btsa btsb double mutants was markedly lower than in wild-type (WT) Wm82 controls (Fig. 3i–n), suggesting a positive role in soybean nodulation.",P011,kept,
150,14,"Consistent with the impaired-nodulation phenotypes, NIN1a induction by rhizobia in the wild type was strongly attenuated in the btsa btsb-1 mutant (Fig. 3o).",P011,kept,
151,14,"Taken together, these data suggest that BTSa and BTSb are required for nodulation by enhancing pro-nodulation signalling activity.",P011,kept,
152,15,"To investigate whether BTSa and BTSb have distinct roles in nodulation, we expressed BTSa or BTSb under the control of the ubiquitin promoter or their native promoter in the btsa btsb mutant.",P011,kept,
153,15,The expression of BTSa or BTSb in the btsa btsb mutant completely restored its nodulation phenotype (Extended Data Fig. 5a–c).,P011,kept,
154,15,"In addition, we generated single btsa and btsb mutants, and nodule numbers and nitrogenase activity were comparable to those in the wild type (Extended Data Fig. 5d–k).",P011,kept,
155,15,These results indicate that BTSa and BTSb have similar roles in regulating nodulation.,P011,kept,
156,16,"Since AtBTS has iron-sensing functionality in Arabidopsis54,57, we therefore sought to determine whether and how soybean BTSa responds to iron in the context of nodulation.",P011,kept,
157,16,BTSa was highly induced by iron deficiency in soybean roots (Fig. 4a).,P011,kept,
158,16,"Transgenic hairy roots expressing BTSapro:GUS indicated that BTSa promoter activity was upregulated in vascular tissues and extended into the cortical cells under low-iron conditions (Fig. 4b), confirming that BTSa is responsive to iron deficiency.",P011,kept,
159,16,"BTSa has three HHE motifs (HHE, iron-binding motif) and a RING zinc-finger domain (Extended Data Fig. 6a).",P011,kept,
160,16,"To test iron-binding capability of the HHE motifs, we expressed a full-length recombinant BTSa or a truncated form containing only the three HHE domains fused to maltose-binding protein (MBP) in E. coli (Extended Data Fig. 6b) and measured iron concentrations56,57 associated with them (Fig. 4c).",P011,kept,
161,16,BTSa can directly bind to iron.,P011,kept,
162,16,"Notably, BTSa abundance increased dramatically in planta in the presence of increasing concentrations of iron (Fig. 4d–f).",P011,kept,
163,16,"In addition, BTSa abundance decreased in the presence of deferiprone (an Fe chelator)68 but increased in the presence of ferric ammonium citrate when expressed in N. bethamiana leaves (Extended Data Fig. 6c).",P011,kept,
164,16,"These results suggest that iron stabilizes BTSa, which is in contrast with Arabidopsis BTS being stabilized by iron deficiency57.",P011,kept,
165,17,"To test whether BTSa and BTSb contribute to soybean’s response to iron deficiency, we assayed iron-responsive marker genes including FRO2 and IRT1 that herald early responses to iron deficiency in roots.",P011,kept,
166,17,"FRO2 and IRT1 were sharply induced in the wild type by iron deficiency, but their induction in the btsa btsb-1 mutant was markedly decreased (Fig. 4g).",P011,kept,
167,17,"To test whether BTSa and BTSb have similar roles in responses to iron deficiency, we analysed FRO2 and IRT1 expression in the root of btsa and btsb single mutants.",P011,kept,
168,17,"FRO2 and IRT1 were reduced in the btsb mutant, but were comparable to the wild type in the btsa mutant (Fig. 4g), suggesting that BTSb plays a primary role in regulating iron uptake.",P011,kept,
169,17,We next investigated potential roles for BTSa and BTSb in nodulation under low-iron conditions.,P011,kept,
170,17,"In contrast to the wild type, in which there was a substantial decrease in nodulation under iron deficiency, nodule numbers and nitrogenase activity remained unchanged in both btsa btsb double mutants under low-iron conditions (Fig. 4h and Extended Data Fig. 6d,e).",P011,kept,
171,17,"Consistent with this, NIN1a induction by rhizobia was greatly attenuated in the wild type under low-iron conditions but was unchanged in btsa bts-1 (Fig. 4i).",P011,kept,
172,17,This suggests that BTSa and BTSb are essential for iron-mediated nodulation.,P011,kept,
173,17,"Collectively, these results suggest that BTSa and BTSb together (or alone) function as potential iron sensors that modulate nodulation in response to iron status.",P011,kept,
174,18,"Since BTSa and BTSb physically interact with NSP1a, we wondered whether these proteins transduce iron signals to trigger nodulation by NSP1a.",P011,kept,
175,18,"To test this, we first analysed whether BTS affects NSP1a expression.",P011,kept,
176,18,NSP1a induction after inoculation was unaffected in the btsa btsb-1 mutant under normal conditions but decreased under low-iron conditions (Extended Data Fig. 7a).,P011,kept,
177,18,"To elucidate whether and how BTSa affects NSP1a protein stability, we first assayed NSP1a degradation in a cell-free system.",P011,kept,
178,18,Recombinant NSP1a–GST was incubated with total-protein extracts from N. bethamiana leaf cells transiently expressing UBIpro:BTSa–3×HA or an empty vector.,P011,kept,
179,18,"NSP1a–GST was degraded much more slowly when incubated with protein extracts containing BTSa–3×HA compared with those of empty vector (Extended Data Fig. 7b,c), suggesting that BTSa enhances the stability of NSP1a–GST in vitro.",P011,kept,
180,18,"Second, we assessed the effect of BTSa on NSP1a stability in planta.",P011,kept,
181,18,We co-expressed UBIpro:NSP1a–4×MYC with UBIpro:BTSa–3×HA or the empty vector in N. bethamiana leaves.,P011,kept,
182,18,"NSP1a–4×MYC accumulated more in leaves co-expressing UBIpro:BTSa–3×HA than those of the empty vector (Extended Data Fig. 7d,e).",P011,kept,
183,18,"Third, we transformed UBIpro:NSP1a–4×MYC into wild-type Wm82 and btsa btsb-1 hairy roots.",P011,kept,
184,18,"NSP1a–4×MYC abundance in btsa btsb-1 was lower than that in the wild-type control (Fig. 4j), while transgene NSP1a transcript levels in btsa btsb-1 were indistinguishable from those in the wild-type control (Fig. 4k).",P011,kept,
185,18,"Finally, we assayed native NSP1a abundance in roots of wild type and both btsa btsb mutants.",P011,kept,
186,18,"NSP1a in btsa btsb mutants decreased compared with the wild type under normal conditions and decreased even further under low-iron conditions (Fig. 4l), indicating that BTSa and BTSb are required for the stability of NSP1a.",P011,kept,
187,19,"To understand whether BTSa and BTSb affect the DNA-binding activity of NSP1a, we performed ChIP assays to verify NSP1a enrichment at the NIN1a promoter in hairy roots expressing UBIpro:NSP1a–4×MYC in both wild type and btsa btsb-1 mutant backgrounds.",P011,kept,
188,19,NSP1a–MYC enrichment was markedly reduced in the btsa btsb-1 background compared with the wild-type control (Fig. 4m).,P011,kept,
189,19,These data indicate that 600 BTSapro:GUS NFe LFe NFe 1.5 Relative expression LFe 1.2 0.9 0.6 0.3 BTSa BTSb BTSa–MYC NFe LFe 0.8 expression α-MYC 0.6 0.4 0.2 α-actin NFe LFe 0.68 0.28 0.28 h i NFe 140 6 LFe 120 5 Nodule number Relative NIN1a expression per plant 4 bc cd 3 2 13 15 11 14 14 13 NFe btsa btsa btsb-2 btsb-1 k l 2.0 NFe ab btsa btsb 1.5 expression 1# 2# α-NSP1a 0.5 α-actin btsa btsb-1 Fig. 4 | BTSa responds to iron stress to regulate NSP1 stability and transcriptional activity.,P011,kept,
190,19,"a, BTS expression in response to normal and low iron.",P011,kept,
191,19,Data are means ± s.d.; n = 3.,P011,kept,
192,19,"b, GUS staining in roots expressing BTSapro:GUS.",P011,kept,
193,19,"c, Quantification of iron content of BTSa variants.",P011,kept,
194,19,"Data are means ± s.d.; n = 2, 2, 3 (for FL, HHE, EV).",P011,kept,
195,19,Significant differences were determined using two-sided Student’s t-test (***P < 0.001).,P011,kept,
196,19,"d, In vivo stability of BTSa–3×HA in N. benthamiana leaves.",P011,kept,
197,19,The numbers at the bottom denote the relative intensities of BTSa–HA normalized to lane 1.,P011,kept,
198,19,"e, BTSa–4×MYC abundance in transgenic roots under NFe and LFe conditions.",P011,kept,
199,19,The numbers at the bottom denote the relative intensities of BTSa–MYC normalized to lane 1.,P011,kept,
200,19,The arrowhead indicates BTSa–MYC protein.,P011,kept,
201,19,"f, Exogenous BTSa–MYC transcript levels in e.",P011,kept,
202,19,Values are means ± s.e.m.,P011,kept,
203,19,"g, FRO2 and IRT1 expression in the roots.",P011,kept,
204,19,Data are BTSa and BTSb are crucial for protein stability and the transcriptional activation capacity of NSP1a.,P011,kept,
205,20,"Because BTSa contains a RING-finger domain (Extended Data Fig. 6a), which is responsible for transferring ubiquitin to a substrate protein in E3 ubiquitin–ligase complexes69, we wondered whether it ubiquitinates NSP1a substrate.",P011,kept,
206,20,"First, we tested whether BTSa has E3-ligase activity.",P011,kept,
207,20,"BTSaRING–MBP recombinant protein, when in the presence of a human E1 activating enzyme (hUBE1), an E2 conjugating enzyme (hUBE2) and ubiquitin (Ub–3×HA), resulted in auto-ubiquitination (Extended Data *** 3 BTSa–HA Iron-to-protein ratio – CHX – *** 200 400 Fe 2 α-HA α-actin 0.13 0.10 0.33 0.53 BTSa WT+NFe WT+LFe btsa-1+NFe 2.5 btsa-1+LFe Relative expression 2.0 btsb-1+NFe 1.5 btsb-1+LFe btsa btsb-1+NFe 0.4 btsa btsb-1+LFe 0.3 0.2 b b b b 0.1 FRO2 IRT1 j WT - R NSP1a–MYC WT + R btsa btsb-1 btsa btsb-1 - R α-MYC btsa btsb-1 + R α-actin 0.72 0.21 0.13 LFe m NSP1aOE 18 LFe enrichment fold 15 btsa btsb 12 Relative WT 1# 2# 9 6 3 0.66 0.59 0.490.27 0.35 btsa btsb-1 means ± s.d.; n = 3.",P011,kept,
208,20,"h, Iron limitation inhibits btsa btsb nodulation.",P011,kept,
209,20,"Numbers under boxes represent the number of each sample, and data are means ± s.d.",P011,kept,
210,20,"i, NIN1a expression in the roots.",P011,kept,
211,20,Data are means ± s.e.; n = 3.,P011,kept,
212,20,"j, NSP1a–4×MYC abundance in roots expressing UBIpro:NSP1a–4×MYC.",P011,kept,
213,20,The numbers at the bottom denote the relative intensities of NSP1a–MYC normalized to the intensity in WT-background sample 1.,P011,kept,
214,20,"k, NSP1a–MYC transcript levels in roots used in j.",P011,kept,
215,20,Values are means ± s.e.m.,P011,kept,
216,20,"l, NSP1a abundance in roots under NFe and LFe treatments at 7 DAI.",P011,kept,
217,20,The numbers at the bottom denote the relative intensities of native NSP1a normalized to WT under NFe condition.,P011,kept,
218,20,"m, ChIP–qPCR of NSP1a–4×MYC accumulation at the NIN1a promoter in transgenic roots.",P011,kept,
219,20,Data are means ± s.d.; n = 3.,P011,kept,
220,20,"Different lowercase letters above plots indicate significant differences determined using two-way ANOVA (P < 0.05) (a,g–i,m) or one-way ANOVA (P < 0.05) (f,k).",P011,kept,
221,20,"Fig. 8a,b), indicating that BTSaRING has functional E3-ligase activity.",P011,kept,
222,20,"Second, we tested whether BTSa ubiquitinates NSP1a in planta.",P011,kept,
223,20,"We transiently co-expressed 35Spro:NSP1a–3×FLAG, 35Spro:UBQ–6×MYC and UBIpro:BTSa–3×HA or the UBIpro:3×HA empty vector in N. bethamiana leaves.",P011,kept,
224,20,"Total proteins were immunoprecipitated with anti-MYC beads, and then treated with GST–USP2-cc deubiquitinase or heat-inactivated USP2.",P011,kept,
225,20,"A clear NSP1a–FLAG band was detected in the sample co-expressed with BTSa–3×HA compared with the 3×HA empty vector, and importantly, this band disappeared upon GST–USP2-cc treatment (Fig. 5a).",P011,kept,
226,20,"This single band is not a polyubiquitination phenomenon but a hallmark of a monoubiquitination modification70,71.",P011,kept,
227,20,This 601 NSP1aWT– NSP1a–FLAG UBQ–MYC – FLAG MYC-EV – – – – BTSa–HA – – UBQ–MYC – HA-EV – – – – MYC-EV – USP2-cc – – – – BTSa–HA – USP2-cc(HI) – – – – HA-EV – – IB:α-FLAG IB: α-FLAG IP: MYC IP: α-MYC Ub-NSP1a IB:α-FLAG IB: α-MYC IB:α-HA Input IB: α-HA IB:α-MYC Input IB: α-FLAG IB: α-actin 4 MYC expression Input 3 GST–NSP1aWT – Relative 2 GST–NSP1a5KR – – GST – GST–NSP1a 5KR 5KR NSP1a NSP1a NSP1a NSP1a GST nsp1a-1 h ** ** * 1.2 12 pull-down eﬀiciency Relative NSP1a enrichment fold 10 0.8 8 Relative 0.6 6 0.4 4 0.2 2 NSP1aWT NSP1a5KR Fig. 5 | BTSa promotes NSP1a stability by monoubiquitination modification.,P011,kept,
228,20,"a, In vivo ubiquitination of NSP1a by BTSa in N. benthamiana.",P011,kept,
229,20,Anti-MYC agarose was used for immunoprecipitation and the ubiquitinated complex was treated with or without GST–USP2-cc.,P011,kept,
230,20,Heat-inactivated USP2 (USP2-cc-HI) was used as a control.,P011,kept,
231,20,"b, N-terminal three lysine residues are required for NSP1a monoubiquitination.",P011,kept,
232,20,"35Spro:UBQ–6×MYC, UBIpro:BTSa–3×HA and the indicated FLAG-tagged NSP1a mutants were transiently expressed in N. benthamiana leaves.",P011,kept,
233,20,"c, Nodule number of Wm82 and nsp1a-1 hairy roots transformed with NSP1apro:NSP1aWT–4×MYC (Npro:NSP1aWT) or NSP1apro:NSP1a5KR–4×MYC (Npro:NSP1a5KR).",P011,kept,
234,20,Datapoints with different colours represent different biological repetitions and numbers in the box represent the number of samples.,P011,kept,
235,20,Different lowercase letters above plots indicate significant differences determined using two-way ANOVA (P < 0.05).,P011,kept,
236,21,"d, Protein levels of NSP1a at 1 DAI in Wm82 and nsp1a-1 roots carrying NSP1apro:NSP1aWT–4×MYC (NSP1aWT) or NSP1apro:NSP1a5KR–4×MYC (NSP1a5KR) constructs.",P011,kept,
237,21,The numbers at the bottom denote the relative intensities result reveals that BTSa is responsible for post-translational modification of NSP1a by monoubiquitination.,P011,kept,
238,21,"To identify BTSa-mediated NSP1a monoubiquitination sites, we performed liquid chromatography–tandem mass spectrometry (LC– MS/MS) analysis of in vivo ubiquitinated NSP1a.",P011,kept,
239,21,Five ubiquitinated lysine residues were detected (Extended Data Fig. 8c–g).,P011,kept,
240,21,"Among them, three (K133, K139 and K143) are in the low-complexity region of the N-terminal end (Nter) and two (K398 and K468) are in the C-terminal end (Cter) (Extended Data Fig. 8c).",P011,kept,
241,21,"To confirm the monoubiquitination sites, we mutated all three lysine residues in Nter (NSP1aN3KR), both lysine NSP1aN3KR– NSP1aC2KR– NSP1a5KR– nsp1a-1 FLAG FLAG FLAG Nodule number per plant – – – – – – – – – – – – – – 25 17 24 25 24 Npro:NSP1a5KR Npro:NSP1a5KR Npro:NSP1aWT Npro:NSP1aWT nsp1a-1 5KR 5KR NSP1a NSP1a NSP1a NSP1a α-MYC 250 Pull-down α-actin – – – – – 0.44 0.03 1.39 0.48 0.03 – – – i nsp1a-1 2.0 Relative NIN1a expression 45 30 1.5 25 *** **** ** 0.5 Npro:NSP1a5KR Npro:NSP1a5KR Npro:NSP1aWT Npro:NSP1aWT NSP1aWT NSP1a5KR of NSP1a–MYC normalized to line 1.",P011,kept,
242,22,"e, Exogenous NSP1a–MYC transcript levels in Wm82 roots used in d.",P011,kept,
243,22,Values are means ± s.e.m.,P011,kept,
244,22,Different lowercase letters above plots indicate significant differences determined using one-way ANOVA (P < 0.05).,P011,kept,
245,22,"f, ChIP–qPCR of NSP1a–4×MYC enrichment at the NIN1a promoter.",P011,kept,
246,22,Data are means ± s.d.; n = 3.,P011,kept,
247,22,"Significant differences were determined using two-sided Student’s t-test (*P < 0.05, **P < 0.01).",P011,kept,
248,22,"g, DNA–protein pull-down assay to probe the effects of NSP1a–GST ubiquitination on its binding to the NIN1a promoter.",P011,kept,
249,22,"h, Quantification of relative pull-down efficiency in g using Image J.",P011,kept,
250,22,Data are means ± s.d.; n = 3.,P011,kept,
251,22,"Significant differences were determined using two-sided Student’s t-test (**P < 0.01, ***P < 0.001, ****P < 0.0001).",P011,kept,
252,22,"i, NIN1a expression in Wm82 and nsp1a-1 hairy roots at 1 DAI.",P011,kept,
253,22,Data are means ± s.d.; n = 3.,P011,kept,
254,22,Different lowercase letters above plots indicate significant differences determined using two-way ANOVA (P < 0.05).,P011,kept,
255,22,The experiments were repeated 3 times with similar results.,P011,kept,
256,22,"residues in Cter (NSP1aC2KR) or all five lysine residues (NSP1a5KR), and tested their ubiquitination activity in vivo.",P011,kept,
257,22,"NSP1aC2KR compromised NSP1a monoubiquitination, while NSP1aN3KR and NSP1a5KR completely blocked NSP1a monoubiquitination (Fig. 5b), suggesting that the Nter lysine residues are required for NSP1a monoubiquitination by BTSa.",P011,kept,
258,22,"In addition, we found that NSP1b, the closest homologue of NSP1a, but not their coactivators NSP2a/b, contains the three conserved lysine residues for monoubiquitination by BTSa (Extended Data Fig. 9a).",P011,kept,
259,22,"In vivo ubiquitination assays showed that NSP1b, but not NSP2a, was monoubiquitinated by BTSa (Extended Data Fig. 9b,c), suggesting 602 that monoubiquitination of NSP1 by BTSa is substrate specific.",P011,kept,
260,23,"To test whether NSP1a monoubiquitination affects its function in nodulation, we transformed NSP1aWT–4×MYC and NSP1a5KR–4×MYC driven by its native promoter into wild-type and nsp1a-1 hairy roots.",P011,kept,
261,23,Neither expression of NSP1aWT–4×MYC nor of NSP1a5KR–4×MYC affected nodule numbers in the wild type.,P011,kept,
262,23,"By contrast, NSP1aWT–4×MYC in nsp1a-1 restored nodule number to wild-type levels, but NSP1a5KR–4×MYC did not complement the nodulation defect (Fig. 5c and Extended Data Fig. 9d).",P011,kept,
263,23,These results demonstrate that NSP1a monoubiquitination plays a key role in promoting nodulation.,P011,kept,
264,24,"Monoubiquitination affects protein stability and transcriptional activity72,73.",P011,kept,
265,24,We next tested how monoubiquitination affects NSP1a function.,P011,kept,
266,24,We first probed NSP1aWT–4×MYC and NSP1a5KR–4×MYC levels in both wild-type and nsp1a-1 hairy roots.,P011,kept,
267,24,"NSP1a5KR–4×MYC was less abundant in both backgrounds, although transgene transcript levels were comparable (Fig. 5d,e).",P011,kept,
268,24,"Furthermore, NSP1a5KR–4×MYC enrichment at the NIN1a promoter was remarkably reduced (Fig. 5f), and the DNA-binding ability of NSP1a5KR–4×MYC was the same as that of wild-type NSP1a under iron deficiency (Fig. 2d).",P011,kept,
269,24,"DNA–protein pull-down assay confirmed that NSP1a5KR–GST had reduced binding activity to the NIN1a promoter (Fig. 5g,h) and failed to activate NIN1a expression (Fig. 5i).",P011,kept,
270,24,"Collectively, these results suggest that the monoubiquitination of NSP1a by BTSa is necessary for protein accumulation and proper transcriptional activation activity of NSP1a.",P011,kept,
271,25,"To confirm whether NSP1 monoubiquitination is conserved, we first aligned NSP1 sequences from soybean with those from the Papilionoideae legumes Medicago (M.) truncatula and Lotus (L.) japonicus.",P011,kept,
272,25,"Three lysine residues (K133, K139 and K143) in the N-terminal end are conserved in soybean, M. truncatula and L. japonicus; K398 is conserved in soybean and M. truncatula, while K468 is conserved in soybean and L. japonicus (Extended Data Fig. 9a), suggesting that NSP1 proteins in M. truncatula and L. japonicus are probably monoubiquitinated by BTS E3-ligase activity.",P011,kept,
273,25,"Yeast two-hybrid and co-immunoprecipitation (Co-IP) experiments revealed that MtNSP1 and LjNSP1 can indeed interact with MtBTS and LjBTS, respectively (Fig. 6a,b).",P011,kept,
274,25,"In vivo ubiquitination assays showed that both FLAG-tagged MtNSP1 and LjNSP1 were monoubiquitinated by their MtBTS and LjBTS partners, and that mutation of the three conserved K residues in MtNSP1 and LjNSP1 completely blocked monoubiquitination by BTS (Fig. 6c), confirming a conserved role for these lysine residues in N-terminal monoubiquitination of legume NSP1s.",P011,kept,
275,25,"To validate the role of MtNSP1 and LjNSP1 monoubiquitination in nodulation, we transformed MtNSP1WT–4×MYC, LjNSP1WT–4×MYC and respective mutant forms MtNSP13KR–4×MYC and LjNSP13KR–4×MYC into wild type and nsp1a-1 hairy roots with constructs driven by the UBI promoter.",P011,kept,
276,25,"MtNSP1–4×MYC and LjNSP1–4×MYC completely rescued the nodulation defect of nsp1a-1 to the wild-type level, while MtNSP1a3KR–4×MYC and LjNSP13KR–4×MYC did not complement the nsp1a-1 mutant (Fig. 6d and Extended Data Fig. 10a).",P011,kept,
277,25,These data suggest that BTS-mediated monoubiquitination of NSP1 is conserved in legumes.,P011,kept,
278,25,"To confirm the legume-specific role of NSP1 monoubiquitination by BTSa, we performed a monoubiquitination assay of NSP1 using Arabidopsis AtBTS.",P011,kept,
279,25,"FLAG-tagged NSP1a was not monoubiquitinated by AtBTSa (Extended Data Fig. 10b), and a Co-IP assay revealed no detectable interaction between NSP1 and AtBTS (Extended Data Fig. 10c).",P011,kept,
280,26,"Collectively, these results demonstrated the legume-specific monoubiquitination of NSP1 by BTSa, which is essential for integrating iron signals and promoting legume nodulation.",P011,kept,
281,27,"Iron has long been appreciated as crucial for symbiotic nitrogen fixation in legumes because nitrogenase and leghaemoglobin require vast amounts of iron41,42,45,74,75.",P011,kept,
282,27,Nodulation is a prerequisite for the establishment of symbiotic nitrogen fixation.,P011,kept,
283,27,"As both the host and partner need iron, we propose that sensing iron status and coordinating iron availability by the host during nodulation under varying iron conditions must be an important strategy for the successful establishment of symbiosis.",P011,kept,
284,27,"In this work, we provide evidence that iron availability plays a decisive role in the successful nodulation of soybean.",P011,kept,
285,27,We have identified BTSa as an iron sensor that integrates iron and nodulation signalling pathways upon perception of iron status.,P011,kept,
286,27,"Our data support a model in which BTSa senses and transduces the early iron signal to NSP1, which elicits nodulation signalling in inoculated roots to promote nodulation.",P011,kept,
287,27,We observed that symbiotic nodulation exhibits a high dependence on iron.,P011,kept,
288,27,The absence of iron completely inhibited soybean nodule initiation even under low-nitrogen and sufficient light conditions.,P011,kept,
289,27,"The existing theory is that nitrogen and light are two strong drivers of legume nodulation and symbiotic nitrogen fixation1,30–33.",P011,kept,
290,27,"Our observation that iron deficiency blocks soybean nodulation under the conditions of low nitrogen and sufficient light suggests that iron may be as strong a driver as nitrogen and light availability, a notion supported by observations in Lupinus nodulation42–44.",P011,kept,
291,27,"Furthermore, we identified a suitable iron concentration (~40 μM) for soybean nodulation, while excess iron levels (>160 μM) were found to inhibit nodulation due to excessive ROS accumulation and cell toxicity.",P011,kept,
292,27,Different leguminous plants and rhizobia may have different iron requirements.,P011,kept,
293,27,Identification of an ‘iron optimum’ for nodulation may represent a mutual strategy by both plants and rhizobia to adapt to varying levels of iron in natural environments.,P011,kept,
294,28,"Altogether, our data suggest that host roots can perceive external variation in iron precisely, to coordinate nodulation signalling pathways, which in turn determines the number of nodules formed and the amount of nitrogen fixed.",P011,kept,
295,28,"However, understanding exactly how the host coordinates the establishment of a symbiotic yet energetically demanding relationship with rhizobia based on iron availability during nodulation is still in its infancy.",P011,kept,
296,28,"We saw that the essential nodulation regulators NINs were downregulated under low-Fe conditions, whereas their transcriptional activators NSP1 and NSP2 remained unaffected.",P011,kept,
297,28,"Legume NSP1 proteins are central transcription factors in nodulation signalling11,12,14, the induction of which also mediates nitrogen and phosphorus exchange between host and symbionts76–78.",P011,kept,
298,28,It is possible that NSP1 proteins are regulated by nutritional signals to enhance transcriptional activation activity and subsequently promote symbiosis.,P011,kept,
299,28,"Indeed, we demonstrate that NSP1a is involved in iron-mediated nodulation.",P011,kept,
300,28,"First, we found that NSP1a protein stability strongly correlates with levels of external iron, and NSP1a stability was high in the presence of sufficient iron, with significant decreases under low-iron conditions.",P011,kept,
301,28,"Second, we showed that the binding activity of NSP1a to NIN1a promoter is affected by iron status, with lower binding activity under low-Fe conditions.",P011,kept,
302,28,"Third, and most importantly, the inhibitory effect of low Fe on nodulation is attenuated in nsp1 mutants.",P011,kept,
303,28,These NSP1a-dependent responses indicate that NSP1a is a key node in perceiving and transducing low external iron signals to nodulation in soybean roots.,P011,kept,
304,29,How does NSP1a coordinate iron-regulated nodulation?,P011,kept,
305,29,We speculate that there is a factor involved in sensing iron status that transmits the signal to NSP1a.,P011,kept,
306,29,"Intriguingly, through the search for NSP1a-interacting proteins, we identified BTSa, a putative orthologue of iron sensor Arabidopsis BTS, as an interacting partner.",P011,kept,
307,29,BTSb is highly similar to BTSa and also interacts with NSP1a.,P011,kept,
308,29,"Downregulation of BTSa and BTSb reduces the number of nodules under normal iron conditions63, suggesting important roles for these two proteins in regulating nodulation.",P011,kept,
309,29,"BTSa transcripts are induced by rhizobia and iron deficiency, while its protein product is also induced by rhizobia and increasing amounts of iron.",P011,kept,
310,29,btsa btsb double mutants display decreased nodule number and nitrogenase activity and either BTSa or BTSb can complement the phenotype of btsa btsb.,P011,kept,
311,29,"Importantly, the inhibition 603 Input LjNSP1–FLAG – −LW −LWHA LjBTS-CTer–HA – OD600 FLAG-EV – – 10–1 10–2 10–3 BD AD HA-EV – – MtBTS-CTer MtNSP1 IB: α-FLAG MtNSP1 IB: α-HA MtBTS-CTer LjBTS-CTer LjNSP1 Nodule number per plant LjNSP1 LjBTS-CTer 13 17 19 16 53 -T EV/W82 MtNSP1WT/nsp1a-1 EV/nsp1a-1 MtNSP13KR/nsp1a-1 LjNSP1WT/nsp1a-1 Fe suﬀiciency Fe Fe Fe Fe Fe Fe Fe BTS Ub Nodulation NSP1 NSP2 NSP2 Ub Ub NSP1 NSP1 NIN Fig. 6 | Monoubiquitination of NSP1 by BTS is conserved in legumes.",P011,kept,
312,29,"a, Yeast two-hybrid assay to verify the interaction between MtBTS + MtNSP1 and LjBTS + LjNSP1.",P011,kept,
313,29,"b, Co-IP of the interactions of LjBTS–3×HA with LjNSP1– FLAG.",P011,kept,
314,29,"c, The three N-terminal lysine residues are required for MtNSP1 and LjNSP monoubiquitination.",P011,kept,
315,29,"35Spro:UBQ–6×MYC, UBIpro:LjBTSa–3×HA or UBIpro:MtBTSa–3×HA and respective FLAG-tagged LjNSP1 or MtNSP1 mutants were transiently expressed in tobacco leaves.",P011,kept,
316,29,Anti-MYC agarose was used for immunoprecipitation and immunoprecipitated proteins were probed with antiHA and anti-FLAG antibodies.,P011,kept,
317,29,"d, Nodule numbers of transgenic soybean hairy roots in the Wm82 and nsp1a-1 mutant backgrounds heterologously expressing NSP1 variants.",P011,kept,
318,29,Data are means ± s.d.,P011,kept,
319,30,Numbers in the box represent the number of of nodulation by low iron is attenuated in btsa btsb double mutants.,P011,kept,
320,30,"These results suggest that BTSa/b are strong candidates for perceiving and transducing the iron signal to nodulation, through NSP1a.",P011,kept,
321,30,"Further supporting this hypothesis, we demonstrated that BTSa can directly bind iron, thereby stabilizing as iron levels increase to enhance uptake of iron.",P011,kept,
322,30,"Iron binding probably induces structural changes in BTSa, thus impeding protein degradation.",P011,kept,
323,30,"This observation is different from that of Arabidopsis BTS, which is unstable upon iron binding and negatively regulates iron response57, suggesting that soybean BTSa/b may have diversified structurally and functionally.",P011,kept,
324,30,In-depth analysis MtNSP13KR–FLAG MtNSP1WT–FLAG LjNSP13KR–FLAG LjNSP1WT–FLAG IP: α-HA – – – – UBQ–MYC – – – – MYC-EV – – – – – – – – MtBTS-CTer–HA – – – – – – – – LjBTS-CTer–HA – – – – – – – – – – – – – – HA-EV IB: α-FLAG Ub-NSP1 IP: α-MYC ab IB: α-MYC IB: α-HA Input 11 11 LjNSP13KR/nsp1a-1 IB: α-FLAG IB: α-actin Fe deficiency Fe Fe BTS Nodulation NSP1 NSP2 NSP2 Ub NSP1 NIN samples.,P011,kept,
325,30,Different lowercase letters above plots indicate significant differences determined using one-way ANOVA (P < 0.05).,P011,kept,
326,30,"e, Proposed model for the iron– BTS–NSP1 cascade in soybean nodulation.",P011,kept,
327,30,"Under iron-sufficient conditions, BTS is stabilized by binding iron, and then BTS interacts with and stabilizes NSP1 to promote nodulation by enhancing its NIN transcriptional activation activity upon monoubiquitination.",P011,kept,
328,30,"Under iron deprivation, BTS is unstable and monoubiquitination activity is reduced, leading to a decrease in NSP1 protein stability and the transcriptional activation activity of NSP1, resulting in downregulated NIN and consequently reduced nodulation.",P011,kept,
329,30,Model created with BioRender.com.,P011,kept,
330,30,"In a–d, experiments were repeated 3 times with similar results.",P011,kept,
331,31,of the molecular mechanisms controlling BTS stability will enable us to better understand the regulatory network of iron-level responses in plants during nodulation and development processes.,P011,kept,
332,31,"Thus, our findings lead to a proposed model in which rhizobia induce BTSa/b under sufficient iron condition, with BTSa/b perceiving an early status of iron by binding to iron, leading to the stabilization of NSP1 and transmitting the iron signal to the nodulation signalling pathway.",P011,kept,
333,31,"Arabidopsis BTS functions as an E3 ligase, which polyubiquitinates and degrades bHLH105/115 to negatively regulate Fe uptake56,57.",P011,kept,
334,31,"In soybean, both BTSa/b and NSP1a are positive regulators of nodulation; 604 it is unlikely that BTSa/b polyubiquitinates and degrades NSP1.",P011,kept,
335,31,"Interestingly, we have discovered that soybean BTSa/b, but not AtBTS, physically interact with and monoubiquitinate NSP1a to stabilize NSP1a.",P011,kept,
336,31,We identified three lysine residues in the N terminus of NSP1a as the site for its monoubiquitination.,P011,kept,
337,31,"Moreover, our data revealed that rhizobia and iron-induced monoubiquitination of NSP1a by BTSa enhances NSP1a stability and subsequent transcriptional activity on the NIN1a promoter, thereby activating nodulation signalling and promoting nodulation.",P011,kept,
338,31,These results suggest that monoubiquitination of soybean BTSa on NSP1 is a neofunctionalization.,P011,kept,
339,31,The observation that the btsa btsb double mutant did not completely inhibit NIN1a induction by rhizobia and nodulation indicates that other BTSs probably mediate this process.,P011,kept,
340,31,This finding uncovers iron sensing and signal-transduction versatility of BTS across plant taxa to provide advantages in integrating iron status with distinct signalling networks to steer adaptation.,P011,kept,
341,31,"Due to the presence of four homologues of BTS in soybean, we cannot rule out the possibility that other soybean BTSs exert their functions by polyubiquitinating and degrading their substrates.",P011,kept,
342,31,Subsequent functional and biochemical analyses of the remaining soybean BTSs will facilitate a comprehensive understanding of the regulatory function of these iron-sensing proteins.,P011,kept,
343,32,"BTSs exert their function by transducing an iron signal to downstream effectors, such as IMA peptides.",P011,kept,
344,32,LjIMA1 plays a role in nodule iron uptake and regulates the nitrogen–iron balance63.,P011,kept,
345,32,"However, the relationship between BTS and IMA in regulating iron uptake during early nodulation is still unclear.",P011,kept,
346,32,Further research elucidating the interaction between IMA and BTS in soybean will enhance our comprehension of iron-signal sensing and cellular iron homeostasis in the establishment of symbiotic relationships.,P011,kept,
347,32,Our work highlights that BTSa/b-mediated signalling is at the centre of the early root responses to low iron and rhizobial-derived signals.,P011,kept,
348,32,"Notably, our data show that BTSa does not interact with and monoubiquitinate NSP2a, suggesting that BTSa monoubiquitination of NSP1 is substrate specific.",P011,kept,
349,32,"In addition, our results showed that BTS-mediated monoubiquitination of NSP1 is conserved in nodulating legumes.",P011,kept,
350,32,"The observations that (1) AtBTS does not interact with and monoubiquitinate NSP1a, (2) only NSP1 proteins in nodulating legumes contain three conserved lysine residues at their N terminus for monoubiquitination, and (3) LjRING, the homologue of BTS, positively regulates nodulation64, support this conclusion.",P011,kept,
351,32,Our study has uncovered a specific mechanism by which the BTS–NSP1 module facilitates the coupling of iron and nodulation signalling pathways to regulate iron homeostasis and nodulation.,P011,kept,
352,32,This mechanism is essential for nutritional nodulation in legumes to adapt to fluctuations in iron levels in the environment.,P011,kept,
353,32,"Altogether, our findings help to explain how iron status is sensed in the early stages of nodulation, why iron limitation inhibits nodulation, and why three lysine residues in the N terminus of NSP1 are conserved in legumes.",P011,kept,
354,32,"Because NSP1 is a key regulator of symbioses between hosts and nitrogen-fixing bacteria, as well as beneficial mycorrhizal fungi, our findings will help to improve our understanding of the molecular mechanisms that govern the nutritional regulation of symbiotic relationships.",P011,kept,
355,33,"Based on the diversity and geographic distribution of symbiotic nitrogen fixers and iron, the importance of iron nutrition in nodulation establishes it as a potential new target for improving nitrogen-fixation efficiency of leguminous crops and other symbiotic nitrogen fixers via genetic and agronomic approaches in the face of increases in arable-land area becoming saline and alkaline under climate change.",P011,kept,
356,34,Soybean Glycine max (L.) Merrill cv.,P011,kept,
357,34,"Williams 82 (Wm82) plants were used for gene cloning, gene expression and functional analysis.",P011,kept,
358,34,"Soybean seedlings were grown in a growth room (16 h light/8 h dark, 25 °C, 50% relative humidity).",P011,kept,
359,34,Two iron-treatment methods were used: hydroponic culture and vermiculite culture.,P011,kept,
360,34,"For hydroponic systems, chlorine-sterilized soybean seeds were germinated in quartz sand moistened with Low Nitrate (LN) nutrient solution [KNO3 (150 μM), Ca(NO3)2·4H2O (120 μM), NH4NO3 (40 μM), CaCl2 (1.2 mM), (NH4)2SO4 (30 μM), KH2PO4 (0.5 mM), MgSO4 (0.5 mM), MgCl2 (0.025 mM), MnSO4 (1.5 µM), ZnSO4 (1.5 µM), CuSO4 (0.5 µM), H32Mo7N6O28 (0.15 µM), CoCl2 (0.1 µM), Na2B4O7 (2.5 µM), K2SO4 (0.3 mM), pH 5.7] with different Fe–EDTA (formulated with ferrous sulfate and EDTA-2Na) concentrations, and roots of 7-day-old seedlings were soaked in GUS-tagged B. diazoefficiens USDA110 (optical density (OD)600 nm = 1.0) solution for 3 h before transplanting into a hydroponic system.",P011,kept,
361,34,The nutrient solution was ventilated using breather pumps and the nutrient solution was changed every 3 d.,P011,kept,
362,34,"The number of infection threads and nodule primordia were counted at 3 and 6 d after inoculation (DAI), respectively.",P011,kept,
363,34,Nodule numbers were recorded at different indicated times after inoculation.,P011,kept,
364,35,"For the vermiculite culture method, iron treatments were conducted as previously described with some modifications36.",P011,kept,
365,35,"Briefly, seeds were germinated in distilled water-moistened vermiculite, 5-day-old seedlings were transplanted to vermiculite moistened with Broughton and Dilworth Low Nitrate (0.25 mM nitrate) (BD–LN) nutrient solution [CaCl2 (0.87 mM), Ca(NO3)2·4H2O (0.13 mM), KH2PO4 (0.5 mM), MgSO4·7H2O (0.25 mM), K2SO4 (1.0 mM), MnSO4·H2O (1 µM), H2BO3 (2 µM), ZnSO4·7H2O (0.5 µM), CuSO4·5H2O (0.3 µM), CoSO4·7H2O (0.1 µM) and Na2MoO4·2H2O (0.1 µM)] containing 10 µM Fe citrate (C6H5O7Fe) or 200 µM AA-DP/2,2’-bipyridine, and the cotyledons were removed at 8 d after germination (DAG).",P011,kept,
366,35,Soybean seedlings were inoculated with 30 ml GUS-tagged B. diazoefficiens USDA110 (OD600 = 0.08) at 10 DAG.,P011,kept,
367,35,Distilled water and BD–LN solution supplemented with 10 μM Fe citrate or 200 μM AA-DP solution were irrigated alternately during growth.,P011,kept,
368,35,"The number of infection threads, nodule primordia and nodules were counted at 3, 5 and 21 DAI, respectively.",P011,kept,
369,35,"Nicotiana benthamiana plants were grown in vermiculite in growth chambers (16 h light/8 h dark, 25 °C, 50% relative humidity) for 5 weeks and used for transient expression of proteins in bimolecular fluorescence complementation (BiFC) and stability experiments.",P011,kept,
370,36,Lateral roots treated with different iron concentrations at 1 DAI were used for DAB and NBT staining.,P011,kept,
371,36,"For DAB staining, the samples were submerged in 0.5 mg ml−1 DAB solution (CSB-K09758AB-2, CUSABIO) for 2 h, followed by washing with 95% (v/v) ethanol to decolour.",P011,kept,
372,36,"For NBT staining, samples were submerged in 1 mg ml−1 NBT staining solution for ~10 min, followed by washing with 95% (v/v) ethanol.",P011,kept,
373,37,Lateral roots treated with different iron concentrations at 1 DAI were used for ROS quantification.,P011,kept,
374,37,"Fresh root samples (1 g) were ground into a homogenate in 10 ml PBS (pH 7.4) and centrifuged at 3,000 r.p.m.",P011,kept,
375,37,"A volume of 10 µl of supernatant was used to determine ROS contents using the Plant ROS ELISA kit (Mlbio), as previously described79.",P011,kept,
376,38,BTSa and BTSb were cloned by PCR from Wm82 nodule complementary (c)DNA.,P011,kept,
377,38,"For constructs used in Y2H and BiFC assays, coding sequences were amplified and cloned into pDONR207 by attB × attP reactions and the resulting entry constructs were recombined into pGBKT7-DEST (BD), pGADT7-DEST (AD), pEarlygate201(YFPN) or pEarlygate202 (YFPC).",P011,kept,
378,38,"The MtNSP1, LjNSP1, MtBTS-CTer (C terminus) and LjBTS-CTer coding sequences were amplified and cloned into pGBKT7 and pGADT7 vectors between EcoRI and BamHI sites.",P011,kept,
379,38,The NSP1a-related vectors (NSP1a–AD and NSP1a–YFPN) were previously described67.,P011,kept,
380,38,"For the 35Spro:NSP1a–GFP, UBIpro:BTSa–3×HA, UBIpro:LjBTSaCTer–3×HA, UBIpro:MtBTS-CTer–3×HA, 35Spro:NSP1a–3×FLAG, 35Spro:LjNSP1a–3×FLAG 605 and 35Spro:MtNSP1a–3×FLAG constructs, coding sequences were amplified and cloned into pCAMBIA1300, UBIpro:HA (pCAMBIA1300) and pTF101–3×FLAG vectors using XbaI and BamHI.",P011,kept,
381,38,"For the UBIpro:BTSa– 4×MYC and UBIpro:NSP1a–4×MYC constructs, coding sequences were amplified and cloned into the UBIpro:4×MYC vector between StuI and KpnI sites.",P011,kept,
382,38,NSP1 point mutations in the pTF101–3×FLAG vectors were generated by site-directed mutagenesis (AAA to AGA or AAG to AGG) with primers listed in Supplementary Table 2.,P011,kept,
383,39,"For the BTSapro:GUS reporter construct, the promoter (3,087 bp upstream of the ATG translational start codon) was amplified and cloned into pCAMBIA1391 vector between BamHI and EcoRI sites.",P011,kept,
384,39,"For the 35Spro:UBQ–6×MYC construct, the monomeric ubiquitin sequence was amplified using POLYUBIQUITIN 4 (Glyma.13G117700) as template and cloned into 35Spro:6×MYC–pCAMBIA1300 using KpnI and SacI.",P011,kept,
385,39,"For NSP1apro:NSP1a–4×MYC and its point-mutation variants, the UBI promoter in UBIpro:NSP1a–4×MYC constructs was replaced with the NSP1a promoter (3,789 bp upstream of ATG) using PmeI and HindIII with NSP1a primers listed in Supplementary Table 2.",P011,kept,
386,39,"For the BTSa–MBP construct and its truncated variants, the coding sequence was amplified and cloned into pMal-c2X vector using BamHI and SalI.",P011,kept,
387,39,"The NSP1a–GST and USP2-cc–GST constructs, as well as the catalytic domain of mouse deubiquitinase USP2 (NM_001407818) were cloned into pGEX-4T-1 vector using BamHI and EcoRI.",P011,kept,
388,40,"For CRISPR–Cas9 vector construction, the pYLCRISPR/Cas9-DB vector was used as previously reported80 and small guide RNAs were designed using CRISPR-P2.0 software (http://crispr.hzau.edu.cn/CRISPR2/)81.",P011,kept,
389,40,Four sgRNAs targeting both BTSa and BTSb were selected and integrated into different single-guide DNA expression cassettes and then introduced into the pYLCRISPR/Cas9-DB.,P011,kept,
390,40,"CRISPR–Cas9-edited mutants were generated using the Agrobacterium-mediated cotyledon-node transformation system following previously described approaches32,82.",P011,kept,
391,40,"Briefly, seeds were kept in a vacuum desiccator with chlorine gas for 14 h and then placed in sterile water overnight.",P011,kept,
392,40,"The seed coat was gently removed, and two cotyledon-node explants were generated by making a horizontal slice through the hypocotyl and a vertical slice between the cotyledons.",P011,kept,
393,40,"Explants were immersed in the inoculum of Agrobacterium tumefaciens EHA101 for 8 h with slow horizontal shaking, and then dried on filter paper and transferred to co-cultivation plates for 4 d at 25 °C in darkness.",P011,kept,
394,40,"Following co-cultivation, explants were cultured on shoot-initiation medium, with the hypocotyl and cotyledon nodes embedded in the medium under a 12 h light/12 h dark photoperiod at 25 °C and subcultured biweekly to fresh medium.",P011,kept,
395,40,Explants with buds were transferred to shoot-elongation medium and subcultured biweekly in the same conditions until shoots elongated.,P011,kept,
396,40,Elongated shoots (>3 cm) were transferred to rooting medium and the rooted putative transgenic plants were then transplanted to vermiculite for further growth in a growth room.,P011,kept,
397,40,"Putative transgenic plants were then characterized using a combination of methods including leaf painting with 0.2 g l−1 Basta solution to check for integration of the BAR gene, followed by DNA sequencing to characterize editing of target and homologous genes.",P011,kept,
398,41,Nitrogenase activity of nodules was determined using the acetylenereduction-activity assay as previously described83.,P011,kept,
399,41,One nodulated root was placed inside a sealed 40 ml vial.,P011,kept,
400,41,"Of the air inside the vial, 2 ml was removed and then replaced with 2 ml pure acetylene gas under water.",P011,kept,
401,41,Vials were placed upside down and incubated at 28 °C for 2 h.,P011,kept,
402,41,The acetylene-reduction reaction was stopped by incubating vials at 4 °C for 5 min.,P011,kept,
403,41,One hundred microlitres of the gas in each vial was used for the measurement of ethylene content using a GC-4000A gas chromatograph (Dongxi).,P011,kept,
404,41,Nitrogenase activity was calculated by the amount of ethylene reduced per plant per unit of time.,P011,kept,
405,42,Plant samples were used for DNA extraction using hexadecyltrimethylammonium bromide (CTAB) as previously described84.,P011,kept,
406,42,"Briefly, leaves or hairy roots were ground in extraction buffer (100 mM Tris-HCl pH 8.0, 2% (w/v) CTAB, 1.4 M NaCl, 0.2% (v/v) 2-mercaptoethanol, 20 mM EDTA) and incubated at 65 °C for 30 min before DNA was extracted with chloroform–isoamyl alcohol (2:1).",P011,kept,
407,42,"After centrifugation (12,000 × g for 10 min), the aqueous phase was transferred to fresh tubes and DNA was precipitated using ethanol (1:2).",P011,kept,
408,42,The stable-transgenic mutant btsa btsb plants were first screened by leaf painting with 0.8% w/v glufosinate solution and glufosinate-resistant plants were confirmed by PCR detection of the BAR gene using primers listed in Supplementary Table 2.,P011,kept,
409,42,PCR-positive plants were sequenced with BTS-specific primers (Supplementary Table 2).,P011,kept,
410,42,"Transgenic hairy roots transformed with UBIpro:BTSa–4×MYC, UBIpro:NSP1a–4×MYC or the empty vector (with GFP reporter in another cassette) were screened using a portable fluorescence lamp to visualize GFP green fluorescence, and verified by gene expression.",P011,kept,
411,43,Total RNA was extracted using TRIpure Reagent (Aidlab Biotechnologies).,P011,kept,
412,43,Genomic DNA was removed and cDNAs were produced using a Hifair II 1st Strand cDNA Synthesis SuperMix (Yeasen Biotech) with 0.5 μg RNA.,P011,kept,
413,43,"Quantitative RT–PCR (RT–qPCR) was performed using the following steps: each reaction contained 1 μl of 1:10 diluted cDNA with 0.25 μl of each primer (10 μM), 5 μl of Hieff qPCR SYBR Green Master Mix kit (Yeasen Biotech) and water to a final volume of 10 μl.",P011,kept,
414,43,"The PCR programme was 95 °C for 30 s, followed by 40 cycles (95 °C for 5 s, 60 °C for 34 s) and the melt-curve stage.",P011,kept,
415,43,Amplicon integrity was confirmed by melt-curve analysis.,P011,kept,
416,43,Relative expression levels were calculated using the 2ΔΔCt method.,P011,kept,
417,43,"ELF1b was used as a reference gene, and gene-specific primers are listed in Supplementary Table 2.",P011,kept,
418,44,The NSP1a coding sequence was fused with the AD domain in pGADT7-DEST.,P011,kept,
419,44,"BTSa, BTSb and their truncated domains were fused with the BD domain in pGBKT7-DEST.",P011,kept,
420,44,"To verify the interactions between NSP1a and BTSa/BTSb, the above constructs were co-transformed into Saccharomyces cerevisiae AH109.",P011,kept,
421,44,"Clones were grown on selective medium (lacking Trp, Leu, Ade and His) to test protein–protein interaction.",P011,kept,
422,44,Images were taken 3 d after incubation at 30 °C.,P011,kept,
423,45,The coding sequences of NSP1a were cloned into pEarlygate201–YFPN and BTSa was cloned into pEarlygate202–YFPC through the Gateway reaction system (Invitrogen).,P011,kept,
424,45,The constructs were transformed into A. tumefaciens GV3101 separately and cultured in LB medium.,P011,kept,
425,45,"Transformed strains were collected and resuspended in infiltration buffer (10 mM MgCl2, 200 μM acetosyringone pH 5.6) and incubated for 2–3 h at 30 °C before infiltration.",P011,kept,
426,45,Suspensions (OD600 = 0.2) were infiltrated into 5-week-old N. benthamiana leaves in different combinations.,P011,kept,
427,45,"Two days after infiltration, YFP fluorescence was detected using a Leica confocal laser scanning microscope (Leica Microsystems).",P011,kept,
428,46,The BTSa–3×HA construct was co-expressed with NSP1a–GFP in N. benthamiana leaves.,P011,kept,
429,46,"Total proteins were extracted in extraction buffer (50 mM Tris-HCl pH 7.5, 150 mM NaCl, 1 mM EDTA, 10% (v/v) glycerol, 1% (v/v) Triton X-100, 1 mM PMSF and 1× protease inhibitor cocktail) and incubated with 8 µl anti-GFP-Trap Agarose (ChromoTek, gta) at 4 °C for 2 h.",P011,kept,
430,46,"Beads were washed five times with extraction buffer, and the immunoprecipitated proteins were eluted with SDS loading buffer with boiling for 5 min.",P011,kept,
431,46,"Samples were analysed by western blotting with anti-HA (Sigma, SAB4300603, 1:2,500) and anti-GFP (ABclonal, AE012, 1:2,500) antibodies.",P011,kept,
432,47,Hairy-root transformation with Agrobacterium rhizogenes K599 was carried out as previously described85.,P011,kept,
433,47,"In brief, 3-day-old seedings were used for transformation.",P011,kept,
434,47,"Transgenic composite plants were transferred to vermiculite in a growth chamber (16 h light/8 h dark, 25 °C, 50% relative humidity).",P011,kept,
435,47,"For iron treatments, 7-day-old composite plants were transferred to vermiculite moistened with BD–LN nutrient solution with 10 µM Fe citrate or 200 µM AA-DP/2,2′-bipyridine for 3 d, and then inoculated with B. diazoefficiens USDA110, and hairy-root samples were collected for further analysis.",P011,kept,
436,47,"Transgenic hairy roots transformed with UBIpro:BTSa–4×MYC, UBIpro:NSP1a–4×MYC, NSP1apro:NSP1aWT–4×MYC or NSP1apro:NSP1a5KR–4×MYC (with GFP in another cassette) were screened using a portable fluorescence lamp (LUYOR-3415, LUYOR) to visualize GFP fluorescence.",P011,kept,
437,47,"For rhizobium-inoculation treatments, 10-day-old composite plants were inoculated with 30 ml B. diazoefficiens USDA110–GFP (OD600 = 0.08) and hairy roots were collected at 1 DAI for further analysis.",P011,kept,
438,47,"For nodulation assays, 7-day-old hairy roots transformed with UBIpro:NSP1a–4×MYC were screened by GFP fluorescence, with one positive transgenic hairy root retained per plant, and plants were grown for 3 d before inoculation.",P011,kept,
439,47,Distilled water and BD–LN nutrient solution were irrigated alternately during the growth of transgenic composite plants.,P011,kept,
440,47,Nodule number was scored at 28 DAI.,P011,kept,
441,48,Roots or nodules from BTSapro:GUS-expressing composite plants were used for GUS assay.,P011,kept,
442,48,"Samples were collected at the specified time points, incubated in X-Gluc solution [50 mM NaH2PO4, 50 mM Na2HPO4, 0.5 mM K4(Fe(CN)6), 0.5 mM K3(Fe(CN)6), 1 mg ml−1 X-Gluc and 0.1% (v/v) Triton X-100] under vacuum for 10 min, incubated in staining buffer at 37 °C for 4 h for roots and 7 h for nodules, and then washed three times with 75% (v/v) ethanol.",P011,kept,
443,49,"To observe infection threads and nodule primordia, sterilized seeds were germinated in vermiculite.",P011,kept,
444,49,Ten-day-old seedlings were inoculated with GUS-tagged B. diazoefficiens USDA110.,P011,kept,
445,49,"Roots were harvested at 3 and 6 DAI and samples were incubated in X-Gluc solution [50 mM NaH2PO4, 50 mM Na2HPO4, 0.5 mM K4(Fe(CN)6), 0.5 mM K3(Fe(CN)6), 1 mg ml−1 X-Gluc and 0.1% (v/v) Triton X-100] under vacuum for 10 min, incubated in staining buffer overnight at 37 °C, and then washed three times with 75% (v/v) ethanol.",P011,kept,
446,49,"For quantification of infection threads and nodule primordia, all lateral roots on the taproot 5 cm below the junction of the root and stem were selected to count the number of infection threads and nodule primordia.",P011,kept,
447,50,"For analysis of the NSP1a protein response to iron in hairy roots, NSP1a– 4×MYC was expressed in hairy roots and 7-day-old hairy roots were treated with 200 µM AA-DP or 10 µM Fe citrate for 3 d and then inoculated with B. diazoefficiens USDA110.",P011,kept,
448,50,Positive transgenic roots were screened using a portable fluorescence lamp to visualize GFP fluorescence at 1 DAI.,P011,kept,
449,50,"Total protein was extracted in IB buffer (50 mM HEPES pH 7.5, 150 mM NaCl, 10 mM EDTA pH 8.0, 1% (v/v) Triton X-100, 10% (w/v) sucrose, 2 mM dithiothreitol, 100 mM PMSF, 1% (w/v) polyvinylpolypyrrolidone, 1× protease inhibitor cocktail (Sigma) and phosphatase inhibitor cocktail (Sigma)).",P011,kept,
450,50,"Ten micrograms of total proteins was subjected to SDS–PAGE and NSP1a–4×MYC was detected with anti-MYC (Sigma, C3956, 1:3,000) antibody, and an anti-Actin (ABclonal, CA009, 1:3,000) antibody was used as a loading control.",P011,kept,
451,50,"For the native abundance of NSP1a, WT and nsp1a-1 or btsa btsb seedings were grown under NFe or LFe condition as described previously, the root sample was collected at 7 DAI and total protein was extracted in IB buffer.",P011,kept,
452,50,"Ten micrograms of total proteins was subjected to SDS–PAGE and native NSP1a protein was detected with anti-NSP1 antibody (1:1,000), with anti-Actin antibody as a loading control.",P011,kept,
453,51,The anti-NSP1 antibody was generated against the NSP1a and NSP1b-specific peptides (amino acids 4–19).,P011,kept,
454,51,Rabbit antiserum was generated by ABclonal.,P011,kept,
455,52,Protein was transiently expressed in N. benthamiana leaves from the UBIpro:BTSa–3×HA construct.,P011,kept,
456,52,"Transformed leaves were infiltrated with 10 mM MgCl2 containing 50 µM cycloheximide (CHX) and increasing iron concentrations (0, 50 µM, 100 µM, 200 µM, 400 µM ammonium ferric vitrate) or 40 μM deferiprone for 48 h after the initial transformation.",P011,kept,
457,52,"Twelve hours after treatment, leaves were collected and total proteins extracted (50 mM Tris-HCl pH 7.5, 150 mM NaCl, 10 mM MgCl2, 1 mM EDTA, 10 mM NaF, 2 mM Na3VO4, 25 mM β-glycerophosphate, 10% (w/v) glycerin, 2 mM dithiothreitol, 1 mM phenylmethylsulfonyl fluoride and 1× protease inhibitor cocktail).",P011,kept,
458,52,"Ten micrograms of total proteins was subjected to SDS–PAGE and BTSa–3×HA was detected with anti-HA (Sigma, SAB4300603, 1:2,500) antibody, with anti-Actin (ABclonal, CA009, 1:3,000) antibody as a loading control.",P011,kept,
459,52,"For analysis of BTSa in hairy roots, protein was expressed in hairy roots carrying UBIpro:BTSa–4×MYC vector, and then 7-day-old hairy roots were treated with 200 µM AA-DP or 10 µM Fe citrate for 3 d.",P011,kept,
460,52,Samples were screened using a portable fluorescence lamp to visualize GFP fluorescence and total protein was extracted in IB buffer.,P011,kept,
461,52,"Ten micrograms of total proteins was subjected to SDS–PAGE and BTSa–4×MYC was detected with anti-MYC (Sigma, C3956, 1:3,000) antibody, with anti-Actin (ABclonal, CA009, 1:3,000) antibody as a loading control.",P011,kept,
462,53,"For the NSP1a–GST cell-free protein-degradation assay in extracts from N. benthamiana leaves, NSP1a–GST was expressed in and purified from E. coli with glutathione resin (GenScript, C42062205A) according to manufacturer guidelines.",P011,kept,
463,53,"BTSa–3×HA protein and control were extracted from N. benthamiana leaves transiently transformed with UBIpro:BTSa–3×HA or UBIpro:3×HA (50 mM Tris-HCl pH 7.5, 150 mM NaCl, 10 mM MgCl2, 1 mM EDTA, 10 mM NaF, 2 mM Na3VO4, 25 mM β-glycerophosphate, 10% (w/v) glycerin, 2 mM dithiothreitol, 1 mM phenylmethylsulfonyl fluoride and 1× protease inhibitor cocktail).",P011,kept,
464,53,"Thirty micrograms of total N. benthamiana protein and 9 μg of recombinant GST–NSP1a were mixed in reaction buffer (20 mM Tris-HCl pH 7.5, 10 mM MgCl2, 1 mM dithiothreitol and 1 mM ATP), then incubated at 28 °C and sampled at the indicated intervals for western blotting.",P011,kept,
465,53,"NSP1a–GST was detected with anti-GST (ABclonal, AE001, 1:3,000) antibody, BTSa–3×HA protein was detected with anti-HA (Sigma, SAB4300603, 1:2,500) antibody, and anti-Actin (ABclonal, CA009, 1:3,000) antibody was used as a loading control.",P011,kept,
466,53,All protein immunodetection experiments were performed independently three times with similar results.,P011,kept,
467,54,The iron-binding assay was performed as previously described29.,P011,kept,
468,54,"Briefly, the coding region of full-length BTSa and its truncated variant containing three HHE domains were amplified and cloned into pMal-c2X (MBP) vector to generate a construct for expressing MBP– BTSa.",P011,kept,
469,54,"The resulting plasmids, as well as the MBP empty vector as a negative control were introduced into E. coli Rosetta.",P011,kept,
470,54,Cultures were grown overnight at 16 °C following incubation with 50 μM isopropyl β-d-1-thiogalactopyranoside.,P011,kept,
471,54,"Recombinant proteins were purified using amylose resin (Biolabs, E8021V) according to manufacturer instructions, and EDTA was omitted from the column buffer (200 mM NaCl, 20 mM Tris-HCl, 1 mM dithiothreitol).",P011,kept,
472,54,Purified proteins were quantified using a Bio-Rad Protein Assay kit (Hercules) and purified proteins (0.4–1.0 mg) were subjected to inductively coupled plasma– mass spectrometry analysis for determination of iron content.,P011,kept,
473,55,"For ChIP–qPCR assay, 10-day-old transgenic roots expressing UBIpro:NSP1a–4×MYC, UBIpro:NSP1a5KR–4×MYC or UBIpro:4×MYC were inoculated with B. diazoefficiens USDA110 in the presence of 10 µM Fe citrate or 200 µM AA-DP.",P011,kept,
474,55,Transgenic hairy roots were collected at 1 DAI and followed by ChIP–qPCR assay as previously described32.,P011,kept,
475,55,"Briefly, 1 g of transgenic hairy roots were cross-linked with 1% (v/v) formaldehyde for 10 min under vacuum, and the reaction was stopped by adding 0.125 M glycine.",P011,kept,
476,55,"Next, the hairy roots were ground into fine powder in liquid nitrogen, and their nuclei were isolated.",P011,kept,
477,55,"Immunoprecipitation was performed using anti-MYC (Sigma, A7470, c-MYC Agarose Affinity Gel) antibody at 4 °C overnight.",P011,kept,
478,55,"Immunoprecipitation without the use of antibodies was used as a negative control, while chromatin isolated before precipitation was used as an input control.",P011,kept,
479,55,Soybean ELF1b was used as an internal control.,P011,kept,
480,55,Primers used in this experiment are listed in Supplementary Table 2.,P011,kept,
481,56,Ubiquitination assays were performed as previously described70.,P011,kept,
482,56,"Reactions containing 100 nM UBE1 (Boston Biochem, E-305), 2.5 μM UBE2D2 (Boston Biochem, E2-622), 1 μg MBP–BTSa-CTer and 1 μg 3×HA–ubiquitin (Boston Biochem, U-110) in the ubiquitination reaction buffer [50 mM Tris pH 7.5, 2 mM ATP (Sigma), 5 mM MgCl2, 2 mM dithiothreitol] were incubated at 30 °C for 3 h.",P011,kept,
483,56,"Ubiquitinated proteins were detected by western blotting with anti-HA (Sigma, SAB4300603, 1:2,500) and anti-MBP (ABclonal, AE016, 1:3,000) antibodies.",P011,kept,
484,57,In vivo ubiquitination assays were performed as previously described with modifications70.,P011,kept,
485,57,MYC-tagged UBQ (UBQ–6×MYC) or a vector control were co-transfected with FLAG-tagged NSP1a (NSP1a–3×FLAG) and HA-tagged BTSa (BTSa–3×HA) into N. benthamiana leaves by infiltration of A. rhizogenes strain K599.,P011,kept,
486,57,"After 2 d of transient expression, N. benthamiana leaves were collected for Co-IP assay.",P011,kept,
487,57,"Total proteins were extracted with Co-IP buffer [50 mM Tris-HCl pH 7.5, 150 mM NaCl, 5 mM EDTA, 0.5% (v/v) Triton, 1× protease inhibitor cocktail, and before use, adding 1 μM dithiothreitol, 2 μM NaF and 2 μM Na3VO3] and incubated with anti-MYC beads (A7470, c-MYC Agarose Affinity Gel, Sigma) at 4 °C for 3 h.",P011,kept,
488,57,Beads were washed five times with Co-IP buffer and the immunoprecipitated proteins were eluted with SDS loading buffer with boiling for 5 min.,P011,kept,
489,57,"Samples were analysed by western blotting with anti-FLAG (Sigma, A8592, 1:2,500), anti-MYC (Sigma, C3956, 1:2,000) and anti-HA (Sigma, SAB4300603, 1:2,500) antibodies.",P011,kept,
490,58,"Mouse USP2-cc was cloned by PCR amplification from mouse cDNA (primers listed in Supplementary Table 2), followed by the method above to construct GST–USP2-cc.",P011,kept,
491,58,"GST–USP2-cc fusion proteins were expressed in E. coli Rosetta and purified with glutathione resin (Genscript, C42062205A) according to manufacturer guidelines.",P011,kept,
492,58,"Deubiquitination assays were performed as previously described with modifications70,71.",P011,kept,
493,58,"Briefly, an in vivo ubiquitination assay was performed as described above.",P011,kept,
494,58,"After the immunoprecipitation, precipitated complexes were washed once with 50 mM Tris-HCl pH 7.5 and once with DUB dilution buffer (25 mM Tris-HCl pH 7.5, 150 mM NaCl and 10 mM dithiothreitol), aliquoted into individual tubes containing USP2-cc or heat-inactivated (HI) (95 °C for 5 min) USP2-cc as a control in the DUB reaction buffer (50 mM Tris-HCl pH 7.5, 50 mM NaCl and 5 mM dithiothreitol), and incubated at 28 °C overnight.",P011,kept,
495,58,Samples were denatured in SDS buffer and analysed by immunoblotting.,P011,kept,
496,59,"To identify the ubiquitination sites of NSP1a in vivo, 10-day-old transgenic roots expressing UBIpro:NSP1a–4×MYC were inoculated with B. diazoefficiens USDA110.",P011,kept,
497,59,Roots were harvested at 1 DAI and ~4 g of tissue was ground to a fine powder in liquid nitrogen.,P011,kept,
498,59,"Proteins were extracted by adding 4 ml of extraction buffer (50 mM HEPES pH 7.5, 150 mM NaCl, 10 mM EDTA pH 8.0, 1% (v/v) Triton X-100, 10% (w/v) sucrose, 2 mM dithiothreitol, 100 mM PMSF, 1% (w/v) polyvinylpolypyrrolidone, protease inhibitor cocktail (Sigma) and phosphatase inhibitor cocktail 2 (Sigma)).",P011,kept,
499,59,"Samples were gently mixed for 2 h at 4 °C and centrifuged at 12,000 g for 20 min at 4 °C.",P011,kept,
500,59,"Pre-equilibrated anti-MYC beads (Sigma, A7470, c-MYC Agarose Affinity Gel) were then added to the supernatant and the sample was gently agitated at 4 °C for 4 h.",P011,kept,
501,59,"The beads were washed five times with extraction buffer, resuspended in 1× SDS loading buffer and separated by SDS–PAGE.",P011,kept,
502,59,Gels were stained with Coomassie blue and the target band was cut for mass spectrometry analysis.,P011,kept,
503,60,DNA-binding assays were performed as previously described36.,P011,kept,
504,60,"Briefly, biotinylated DNA fragments corresponding to the NIN1a promoter were generated by PCR.",P011,kept,
505,60,"For the DNA–protein pull-down assay, the biotinylated promoter was incubated with Streptavidin Mag Beads (GenScript, L00424) in TES buffer (10 mM Tris-HCl pH 7.5, 1 mM EDTA pH 8.0, 2 M NaCl) for 1 h at room temperature and washed three times in IP100 buffer (50 mM Tris-HCl pH 7.6, 100 mM potassium glutamate, 2 mM MgCl2, 0.05% (v/v) Nonidet P40), and then blocked with 5% (w/v) bovine serum albumin for 1 h at room temperature.",P011,kept,
506,60,"GST–NSP1a, GST–NSP1a5KR or GST-EV were incubated with DNA-bound beads and rotated at 4 °C for 2 h.",P011,kept,
507,60,"Beads were washed three times with IP100 buffer, and then proteins were removed from the beads by boiling in 1× SDS loading buffer and subjected to PAGE.",P011,kept,
508,60,"NSP1a–GST was detected with anti-GST (ABclonal, AE001, 1:3,000) antibody.",P011,kept,
509,60,"Pull-down efficiency was quantified as the ratio of the NSP1a–GST band in the pull down to the input, and the relative pull-down efficiency represents the normalized efficiency relative to NSP1aWT.",P011,kept,
510,61,Data were analysed using GraphPad Prism 9.,P011,kept,
511,61,"Statistical significance was determined using analysis of variance (ANOVA) with Tukey’s post hoc test or a two-sided Student’s t-test, and the statistical test used is described in the figure legends.",P011,kept,
512,61,The experiments were performed three times independently with similar results.,P011,kept,
513,62,Further information on research design is available in the Nature Portfolio Reporting Summary linked to this article.,P011,kept,
514,63,All data supporting the findings of this study are available in the Article and its Supplementary Information files.,P011,kept,
515,63,Source data are provided with this paper.,P011,kept,
,,Ziyin Ren,P011,dropped,front_matter_line
,,Received: 16 February 2024,P011,dropped,front_matter_line
,,"Jingjing Lu1, Hui Wang1, Xinying Wu",P011,dropped,front_matter_line
,,Accepted: 5 December 2024,P011,dropped,front_matter_line
,,Published online: 3 February 2025,P011,dropped,front_matter_line
,,"1, Ling Zhang2, Haizhen Li1, Mi Yang1, Xuesong Wu1, Runxu Hu1,",P011,dropped,front_matter_line
,,Check for updates,P011,dropped,front_matter_line
,,"1National Key Laboratory of Crop Genetic Improvement, College of Plant Science and Technology, Huazhong Agricultural University, Wuhan, China.",P011,dropped,front_matter_line
,,"2Jilin Provincial Key Laboratory of Agricultural Biotechnology, Jilin Academy of Agricultural Sciences, Changchun, China. 3Hubei Hongshan Laboratory,",P011,dropped,front_matter_line
,,e-mail: wangzj@mail.hzau.edu.cn; xli@mail.hzau.edu.cn,P011,dropped,front_matter_line
,,Relative MYC,P011,dropped,front_matter_line
,,EV NFe LFe,P011,dropped,front_matter_line
,,NFe LFe,P011,dropped,front_matter_line
,,Relative MYC,P011,dropped,front_matter_line
,,Relative MYC,P011,dropped,front_matter_line
,,Relative MYC,P011,dropped,front_matter_line
,,FL HHE EV,P011,dropped,front_matter_line
,,[跳过章节] References — 1401 行 / 39450 字符,P011,dropped,stop_section
,0,"nature plants The BRUTUS iron sensor and E3 ligase facilitates soybean root nodulation by monoubiquitination of NSP1 1,3 1, Zhijuan Wang & Xia Li Legumes form root nodules with symbiotic nitrogen-fixing rhizobacteria, which require ample iron to ensure symbiosis establishment and efficient nitrogen fixation.",P011,dropped,journal_header
,4,"Scale bars, 200 µm.",P011,dropped,too_short
,4,"Scale bars, 1 mm.",P011,dropped,too_short
,4,"Scale bars, 5 mm.",P011,dropped,too_short
,4,Data nodulation signalling.,P011,dropped,too_short
,7,of 3 technical repetitions.,P011,dropped,too_short
,7,The arrow represents NSP1.,P011,dropped,too_short
,7,"e, Nodule phenotypes of",P011,dropped,too_short
,9,"Scale bars, 5 mm.",P011,dropped,too_short
,11,"Scale bars, 25 μm.",P011,dropped,too_short
,11,of 3 technical repetitions.,P011,dropped,too_short
,11,"Scale bars, 10 mm (top) and 100 µm (bottom).",P011,dropped,scale_bar
,11,of 3 technical repetitions.,P011,dropped,too_short
,12,"Scale bars, 1 mm.",P011,dropped,too_short
,12,"Scale bars, 1 mm.",P011,dropped,too_short
,12,of 3 technical repetitions.,P011,dropped,too_short
,19,"Scale bars, 10 mm (top) and 100 µm (bottom).",P011,dropped,scale_bar
,19,"FL, full-length MBP-BTSa; HHE, MBP fused with three HHE domains; EV, MBP protein.",P011,dropped,abbrev_glossary
,19,"CHX, cycloheximide.",P011,dropped,too_short
,19,of 3 technical repetitions.,P011,dropped,too_short
,20,of 3 technical repetitions.,P011,dropped,too_short
,22,of 3 technical repetitions.,P011,dropped,too_short
,37,at 4 °C for 20 min.,P011,dropped,too_short
,46,606,P011,dropped,no_letters
,54,607,P011,dropped,no_letters
